,id,imdb_id,title,budget,release_date,revenue,runtime,original_language,original_title,spoken_languages,vote_average,vote_count,genres,poster_path,production_companies
0,59991,,Horowitz in Moscow,0,2000-04-04,0,85.0,en,Horowitz in Moscow,"[{'iso_639_1': 'en', 'name': 'English'}, {'iso_639_1': 'ru', 'name': 'Pусский'}]",4.8,2,"[{'id': 10402, 'name': 'Music'}, {'id': 99, 'name': 'Documentary'}]",/i667LDDHG9j5gR3xzeVXQEfnEmw.jpg,[]
1,10559,tt0186151,Frequency,31000000,2000-04-28,68106245,118.0,en,Frequency,"[{'iso_639_1': 'en', 'name': 'English'}]",7.2,1007,"[{'id': 80, 'name': 'Crime'}, {'id': 18, 'name': 'Drama'}, {'id': 878, 'name': 'Science Fiction'}, {'id': 53, 'name': 'Thriller'}]",/eu3Hrjj271dnBdNAF0HqfmwWASt.jpg,"[{'id': 12, 'logo_path': '/iaYpEp3LQmb8AfAtmTvpqd4149c.png', 'name': 'New Line Cinema', 'origin_country': 'US'}]"
2,786,tt0181875,Almost Famous,60000000,2000-09-15,47383689,122.0,en,Almost Famous,"[{'iso_639_1': 'en', 'name': 'English'}]",7.5,1594,"[{'id': 18, 'name': 'Drama'}, {'id': 10402, 'name': 'Music'}]",/tl1Yv7lWq3RUPq3Q1nT5oRFJsv8.jpg,"[{'id': 5, 'logo_path': '/71BqEFAF4V3qjjMPCpLuyJFB9A.png', 'name': 'Columbia Pictures', 'origin_country': 'US'}, {'id': 485, 'logo_path': '/tVOP0mIeoYLua4Rw66OYNzitrrI.png', 'name': 'Vinyl Films', 'origin_country': 'US'}, {'id': 7, 'logo_path': '/vru2SssLX3FPhnKZGtYw00pVIS9.png', 'name': 'DreamWorks Pictures', 'origin_country': 'US'}]"
3,705,tt0042192,All About Eve,1400000,1950-10-06,150438,139.0,en,All About Eve,"[{'iso_639_1': 'en', 'name': 'English'}, {'iso_639_1': 'fr', 'name': 'Français'}]",8.2,864,"[{'id': 18, 'name': 'Drama'}]",/6numIZH6uR3NlJgY9m7nGH0jhs.jpg,"[{'id': 25, 'logo_path': '/qZCc1lty5FzX30aOCVRBLzaVmcp.png', 'name': '20th Century Fox', 'origin_country': 'US'}]"
4,8007,tt0159273,Behind Enemy Lines,40000000,2001-11-30,91753202,106.0,en,Behind Enemy Lines,"[{'iso_639_1': 'cs', 'name': 'Český'}, {'iso_639_1': 'en', 'name': 'English'}, {'iso_639_1': 'es', 'name': 'Español'}, {'iso_639_1': 'sh', 'name': ''}]",6.2,850,"[{'id': 28, 'name': 'Action'}, {'id': 18, 'name': 'Drama'}, {'id': 53, 'name': 'Thriller'}, {'id': 10752, 'name': 'War'}]",/2IVvws0ZuvOX4V4P6sisl6oVlj0.jpg,"[{'id': 1302, 'logo_path': '/kQZtJdyphCmq292iGDqlUx0yk2D.png', 'name': 'Davis Entertainment', 'origin_country': 'US'}, {'id': 25, 'logo_path': '/qZCc1lty5FzX30aOCVRBLzaVmcp.png', 'name': '20th Century Fox', 'origin_country': 'US'}]"
5,36586,tt0187738,Blade II,54000000,2002-03-22,155010032,117.0,en,Blade II,"[{'iso_639_1': 'cs', 'name': 'Český'}, {'iso_639_1': 'ro', 'name': 'Română'}, {'iso_639_1': 'en', 'name': 'English'}]",6.4,3005,"[{'id': 14, 'name': 'Fantasy'}, {'id': 27, 'name': 'Horror'}, {'id': 28, 'name': 'Action'}, {'id': 53, 'name': 'Thriller'}]",/vulF0iqX5z7AW1pdZ572zwsMRMB.jpg,"[{'id': 19551, 'logo_path': '/2WpWp9b108hizjHKdA107hFmvQ5.png', 'name': 'Marvel Enterprises', 'origin_country': 'US'}, {'id': 12, 'logo_path': '/iaYpEp3LQmb8AfAtmTvpqd4149c.png', 'name': 'New Line Cinema', 'origin_country': 'US'}, {'id': 421, 'logo_path': None, 'name': 'Amen Ra Films', 'origin_country': ''}, {'id': 5611, 'logo_path': None, 'name': 'Milk & Honey', 'origin_country': ''}, {'id': 11321, 'logo_path': None, 'name': 'Imaginary Forces', 'origin_country': ''}, {'id': 11322, 'logo_path': None, 'name': 'Justin Pictures', 'origin_country': ''}, {'id': 11323, 'logo_path': None, 'name': 'Linovo Productions GmbH & Co. KG', 'origin_country': ''}, {'id': 11324, 'logo_path': None, 'name': 'Pacific Title and Art Studio', 'origin_country': ''}]"
6,2501,tt0258463,The Bourne Identity,60000000,2002-06-14,214034224,119.0,en,The Bourne Identity,"[{'iso_639_1': 'en', 'name': 'English'}, {'iso_639_1': 'fr', 'name': 'Français'}, {'iso_639_1': 'de', 'name': 'Deutsch'}, {'iso_639_1': 'nl', 'name': 'Nederlands'}, {'iso_639_1': 'it', 'name': 'Italiano'}]",7.4,6295,"[{'id': 28, 'name': 'Action'}, {'id': 18, 'name': 'Drama'}, {'id': 9648, 'name': 'Mystery'}, {'id': 53, 'name': 'Thriller'}]",/aP8swke3gmowbkfZ6lmNidu0y9p.jpg,"[{'id': 33, 'logo_path': '/8lvHyhjr8oUKOOy2dKXoALWKdp0.png', 'name': 'Universal Pictures', 'origin_country': 'US'}, {'id': 7384, 'logo_path': None, 'name': 'Hypnotic', 'origin_country': ''}, {'id': 7385, 'logo_path': None, 'name': 'Kalima Productions GmbH & Co. KG', 'origin_country': ''}, {'id': 11345, 'logo_path': '/xhnnHfsqEimD4r0QeUz3GSvcv73.png', 'name': 'Stillking Films', 'origin_country': 'CZ'}, {'id': 862, 'logo_path': '/udTjbqPmcTbfrihMuLtLcizDEM1.png', 'name': 'The Kennedy/Marshall Company', 'origin_country': 'US'}]"
7,9573,tt0309377,Blood Work,50000000,2002-08-04,31794718,110.0,en,Blood Work,"[{'iso_639_1': 'en', 'name': 'English'}, {'iso_639_1': 'es', 'name': 'Español'}]",6.2,456,"[{'id': 80, 'name': 'Crime'}, {'id': 53, 'name': 'Thriller'}]",/rtpa9neoVD6IToCcAyPIAaFjb6y.jpg,"[{'id': 171, 'logo_path': None, 'name': 'Malpaso Productions', 'origin_country': 'US'}, {'id': 174, 'logo_path': '/IuAlhI9eVC9Z8UQWOIDdWRKSEJ.png', 'name': 'Warner Bros. Pictures', 'origin_country': 'US'}]"
8,11049,tt0368667,Interstella 5555: The 5tory of the 5ecret 5tar 5ystem,4000000,2003-05-28,0,68.0,ja,Interstella 5555: The 5tory of the 5ecret 5tar 5ystem,"[{'iso_639_1': 'xx', 'name': 'No Language'}]",7.7,193,"[{'id': 878, 'name': 'Science Fiction'}, {'id': 10402, 'name': 'Music'}, {'id': 16, 'name': 'Animation'}, {'id': 12, 'name': 'Adventure'}]",/AsvPgdcSlHocAbMp3yGZXjPiKKF.jpg,"[{'id': 5542, 'logo_path': '/ayE4LIqoAWotavo7xdvYngwqGML.png', 'name': 'Toei Animation', 'origin_country': 'JP'}, {'id': 3117, 'logo_path': None, 'name': 'Daft Life Ltd. Co.', 'origin_country': ''}]"
9,839,tt0067023,Duel,450000,1971-12-25,0,90.0,en,Duel,"[{'iso_639_1': 'en', 'name': 'English'}]",7.4,976,"[{'id': 28, 'name': 'Action'}, {'id': 53, 'name': 'Thriller'}, {'id': 10770, 'name': 'TV Movie'}]",/tMXG6QQ4dcunbxkHlA7Pek9LZM7.jpg,"[{'id': 26727, 'logo_path': '/jeTxdjXhzgKZyLr3l9MllkTn3fy.png', 'name': 'Universal Television', 'origin_country': 'US'}]"
10,386216,tt0393548,Objects in the Mirror Are Further than They Appear,0,2003-09-26,0,15.0,en,Objects in the Mirror Are Further than They Appear,"[{'iso_639_1': 'en', 'name': 'English'}]",5.0,1,"[{'id': 18, 'name': 'Drama'}, {'id': 53, 'name': 'Thriller'}]",/5mJ5B9yj65ZOhhIXH4KzX0xgVph.jpg,"[{'id': 73994, 'logo_path': None, 'name': 'What Were We Thinking Films', 'origin_country': ''}]"
11,9352,tt0356150,EuroTrip,25000000,2004-02-20,20796847,93.0,en,EuroTrip,"[{'iso_639_1': 'en', 'name': 'English'}, {'iso_639_1': 'fr', 'name': 'Français'}, {'iso_639_1': 'it', 'name': 'Italiano'}, {'iso_639_1': 'ja', 'name': '日本語'}, {'iso_639_1': 'de', 'name': 'Deutsch'}]",6.5,1502,"[{'id': 35, 'name': 'Comedy'}]",/9t1e0Mova7eyV3OpRC6nT4y6hHH.jpg,"[{'id': 2364, 'logo_path': '/oZyR5maGM96jReVgW7oJ7mXN8ts.png', 'name': 'The Montecito Picture Company', 'origin_country': 'US'}, {'id': 53012, 'logo_path': None, 'name': 'Blue Sea Productions', 'origin_country': ''}, {'id': 7, 'logo_path': '/vru2SssLX3FPhnKZGtYw00pVIS9.png', 'name': 'DreamWorks Pictures', 'origin_country': 'US'}]"
12,7131,tt0338526,Van Helsing,160000000,2004-05-05,300257475,132.0,en,Van Helsing,"[{'iso_639_1': 'en', 'name': 'English'}, {'iso_639_1': 'la', 'name': 'Latin'}]",6.2,3736,"[{'id': 27, 'name': 'Horror'}, {'id': 12, 'name': 'Adventure'}, {'id': 28, 'name': 'Action'}]",/5PamJJJH1lvMMWvDLLohEQuGbg6.jpg,"[{'id': 33, 'logo_path': '/8lvHyhjr8oUKOOy2dKXoALWKdp0.png', 'name': 'Universal Pictures', 'origin_country': 'US'}, {'id': 11345, 'logo_path': '/xhnnHfsqEimD4r0QeUz3GSvcv73.png', 'name': 'Stillking Films', 'origin_country': 'CZ'}, {'id': 19643, 'logo_path': None, 'name': 'Sommers Company, The', 'origin_country': ''}]"
13,140595,tt0308213,Elaine Stritch: At Liberty,300000,2004-05-29,0,140.0,en,Elaine Stritch: At Liberty,"[{'iso_639_1': 'en', 'name': 'English'}]",10.0,3,"[{'id': 35, 'name': 'Comedy'}, {'id': 99, 'name': 'Documentary'}, {'id': 10402, 'name': 'Music'}, {'id': 10770, 'name': 'TV Movie'}]",/9uoucM9yfmAYICtNMRHYxCVoWCO.jpg,"[{'id': 3086, 'logo_path': '/iksa7hXQMvPIzfSq0Tuo4WPU8gc.png', 'name': 'Image Entertainment', 'origin_country': 'US'}, {'id': 24487, 'logo_path': None, 'name': 'Pennebaker Hegedus Films, Inc.', 'origin_country': ''}, {'id': 71837, 'logo_path': None, 'name': 'Second Act Productions', 'origin_country': ''}, {'id': 101186, 'logo_path': None, 'name': 'Iambic Productions', 'origin_country': ''}, {'id': 3268, 'logo_path': '/tuomPhY2UtuPTqqFnKMVHvSb724.png', 'name': 'HBO', 'origin_country': 'US'}]"
14,2502,tt0372183,The Bourne Supremacy,75000000,2004-07-23,288500217,108.0,en,The Bourne Supremacy,"[{'iso_639_1': 'en', 'name': 'English'}, {'iso_639_1': 'ru', 'name': 'Pусский'}, {'iso_639_1': 'de', 'name': 'Deutsch'}, {'iso_639_1': 'it', 'name': 'Italiano'}]",7.3,5100,"[{'id': 28, 'name': 'Action'}, {'id': 18, 'name': 'Drama'}, {'id': 53, 'name': 'Thriller'}]",/7IYGiDrquvX3q7e9PV6Pejs6b2g.jpg,"[{'id': 33, 'logo_path': '/8lvHyhjr8oUKOOy2dKXoALWKdp0.png', 'name': 'Universal Pictures', 'origin_country': 'US'}, {'id': 862, 'logo_path': '/udTjbqPmcTbfrihMuLtLcizDEM1.png', 'name': 'The Kennedy/Marshall Company', 'origin_country': 'US'}, {'id': 7384, 'logo_path': None, 'name': 'Hypnotic', 'origin_country': ''}, {'id': 11346, 'logo_path': None, 'name': 'Motion Picture THETA Produktionsgesellschaft', 'origin_country': ''}, {'id': 11347, 'logo_path': None, 'name': 'Ludlum Entertainment', 'origin_country': ''}]"
15,27,tt0411705,9 Songs,1000000,2004-05-16,1574623,66.0,en,9 Songs,"[{'iso_639_1': 'en', 'name': 'English'}]",5.0,221,"[{'id': 18, 'name': 'Drama'}, {'id': 10402, 'name': 'Music'}, {'id': 10749, 'name': 'Romance'}]",/91O7z0vo7MiNWd5xD2BoivwbQsb.jpg,"[{'id': 163, 'logo_path': None, 'name': 'Revolution Films', 'origin_country': 'GB'}]"
16,176,tt0387564,Saw,1200000,2004-10-01,103911669,103.0,en,Saw,"[{'iso_639_1': 'en', 'name': 'English'}]",7.4,5744,"[{'id': 27, 'name': 'Horror'}, {'id': 9648, 'name': 'Mystery'}, {'id': 80, 'name': 'Crime'}]",/pparEGTCxcTiImyVFoKD0LX11N8.jpg,"[{'id': 2061, 'logo_path': '/o9LbN33hRaj4qcebUv1bikyXeoB.png', 'name': 'Twisted Pictures', 'origin_country': 'US'}, {'id': 23019, 'logo_path': None, 'name': 'Evolution Entertainment', 'origin_country': ''}, {'id': 55405, 'logo_path': None, 'name': 'Saw Productions Inc.', 'origin_country': ''}, {'id': 1632, 'logo_path': '/cisLn1YAUuptXVBa0xjq7ST9cH0.png', 'name': 'Lionsgate', 'origin_country': 'US'}]"
17,51055,tt0402492,Seoul Train,0,2004-11-12,0,54.0,en,Seoul Train,[],6.3,6,"[{'id': 99, 'name': 'Documentary'}]",,[]
18,276306,tt0899282,My Little Pony: Dancing in the Clouds,0,2004-12-02,0,19.0,en,My Little Pony: Dancing in the Clouds,"[{'iso_639_1': 'en', 'name': 'English'}]",7.3,4,"[{'id': 16, 'name': 'Animation'}, {'id': 14, 'name': 'Fantasy'}]",/vtqjr4lgNjjLhLDpnnpc2NECUGB.jpg,"[{'id': 29070, 'logo_path': None, 'name': 'SD Entertainment', 'origin_country': 'US'}]"
19,36648,tt0359013,Blade: Trinity,65000000,2004-12-08,128905366,123.0,en,Blade: Trinity,"[{'iso_639_1': 'eo', 'name': 'Esperanto'}, {'iso_639_1': 'en', 'name': 'English'}]",5.8,2445,"[{'id': 878, 'name': 'Science Fiction'}, {'id': 28, 'name': 'Action'}, {'id': 27, 'name': 'Horror'}, {'id': 53, 'name': 'Thriller'}, {'id': 12, 'name': 'Adventure'}, {'id': 14, 'name': 'Fantasy'}]",/iVJXYToSIU0OGCuQNhuGDzxayFO.jpg,"[{'id': 19551, 'logo_path': '/2WpWp9b108hizjHKdA107hFmvQ5.png', 'name': 'Marvel Enterprises', 'origin_country': 'US'}, {'id': 12, 'logo_path': '/iaYpEp3LQmb8AfAtmTvpqd4149c.png', 'name': 'New Line Cinema', 'origin_country': 'US'}, {'id': 421, 'logo_path': None, 'name': 'Amen Ra Films', 'origin_country': ''}, {'id': 8851, 'logo_path': None, 'name': 'Shawn Danielle Productions Ltd.', 'origin_country': ''}, {'id': 11321, 'logo_path': None, 'name': 'Imaginary Forces', 'origin_country': ''}, {'id': 42209, 'logo_path': None, 'name': 'Peter Frankfurt Productions', 'origin_country': ''}]"
20,11774,tt0339291,Lemony Snicket's A Series of Unfortunate Events,140000000,2004-12-16,209073645,108.0,en,Lemony Snicket's A Series of Unfortunate Events,"[{'iso_639_1': 'en', 'name': 'English'}]",6.8,3537,"[{'id': 12, 'name': 'Adventure'}, {'id': 35, 'name': 'Comedy'}, {'id': 10751, 'name': 'Family'}]",/r7S57FpBsCljWc9fBUo2Iy5XGew.jpg,"[{'id': 4, 'logo_path': '/fycMZt242LVjagMByZOLUGbCvv3.png', 'name': 'Paramount', 'origin_country': 'US'}, {'id': 258, 'logo_path': None, 'name': 'Scott Rudin Productions', 'origin_country': 'US'}, {'id': 2348, 'logo_path': '/m31fQvZJuUvAgxoqTiCGYFBfZYe.png', 'name': 'Nickelodeon Movies', 'origin_country': 'US'}, {'id': 11930, 'logo_path': None, 'name': 'Kumar Mobiliengesellschaft mbH & Co. Projekt Nr. 2 KG', 'origin_country': ''}, {'id': 49325, 'logo_path': None, 'name': 'Parkes+MacDonald Image Nation', 'origin_country': ''}, {'id': 7, 'logo_path': '/vru2SssLX3FPhnKZGtYw00pVIS9.png', 'name': 'DreamWorks Pictures', 'origin_country': 'US'}]"
21,8978,tt0398712,Assault on Precinct 13,30000000,2005-01-19,35294470,109.0,en,Assault on Precinct 13,"[{'iso_639_1': 'en', 'name': 'English'}, {'iso_639_1': 'sr', 'name': 'Srpski'}]",6.1,616,"[{'id': 53, 'name': 'Thriller'}]",/cqdH1UH0RXKOjeRAwKc8MGMVOfy.jpg,"[{'id': 134, 'logo_path': None, 'name': 'Rogue Pictures', 'origin_country': ''}, {'id': 729, 'logo_path': '/hNxGdbddbsDDnEWJ7RNLcGCRSLQ.png', 'name': 'Why Not Productions', 'origin_country': 'FR'}, {'id': 20449, 'logo_path': None, 'name': 'Liaison Films', 'origin_country': 'FR'}, {'id': 20450, 'logo_path': None, 'name': 'Biscayne Pictures', 'origin_country': ''}]"
22,9721,tt0417395,7 Seconds,13000000,2005-06-28,0,96.0,en,7 Seconds,"[{'iso_639_1': 'en', 'name': 'English'}]",4.8,98,"[{'id': 28, 'name': 'Action'}, {'id': 80, 'name': 'Crime'}, {'id': 53, 'name': 'Thriller'}]",/VMEpy6MrnTN8rPeIQkyOxebmlW.jpg,"[{'id': 2100, 'logo_path': None, 'name': 'Andrew Stevens Entertainment', 'origin_country': ''}]"
23,257192,tt0893409,My Little Pony: Friends Are Never Far Away,0,2005-08-27,0,21.0,en,My Little Pony: Friends Are Never Far Away,"[{'iso_639_1': 'en', 'name': 'English'}]",6.5,4,"[{'id': 12, 'name': 'Adventure'}, {'id': 16, 'name': 'Animation'}]",,"[{'id': 29070, 'logo_path': None, 'name': 'SD Entertainment', 'origin_country': 'US'}]"
24,376807,tt0493069,The Tribe,0,2005-09-25,0,18.0,en,The Tribe,"[{'iso_639_1': 'en', 'name': 'English'}]",5.0,3,"[{'id': 99, 'name': 'Documentary'}]",/r3cjtD3btFfeQozyMZlE1ZuhBL5.jpg,[]
25,25396,tt0840350,My Little Pony: A Very Minty Christmas,0,2005-10-25,0,44.0,en,My Little Pony: A Very Minty Christmas,"[{'iso_639_1': 'en', 'name': 'English'}]",5.1,7,"[{'id': 16, 'name': 'Animation'}, {'id': 14, 'name': 'Fantasy'}]",/jaWZYoknYXnGfklomIUz94rZZgT.jpg,"[{'id': 29070, 'logo_path': None, 'name': 'SD Entertainment', 'origin_country': 'US'}]"
26,8999,tt0398017,Derailed,22000000,2005-11-11,57479076,108.0,en,Derailed,"[{'iso_639_1': 'en', 'name': 'English'}, {'iso_639_1': 'fr', 'name': 'Français'}]",6.2,601,"[{'id': 18, 'name': 'Drama'}, {'id': 53, 'name': 'Thriller'}]",/bcCoOkwEBHUS5Y7Rm1u1oTLUHdb.jpg,"[{'id': 435, 'logo_path': '/AjzK0s2w1GtLfR4hqCjVSYi0Sr8.png', 'name': 'Di Bonaventura Pictures', 'origin_country': 'US'}, {'id': 14, 'logo_path': '/m6AHu84oZQxvq7n1rsvMNJIAsMu.png', 'name': 'Miramax', 'origin_country': 'US'}, {'id': 23635, 'logo_path': None, 'name': 'Patalex V Productions Limited', 'origin_country': ''}]"
27,470088,tt0112664,Choices of the Heart: The Margaret Sanger Story,0,1995-03-08,0,92.0,en,Choices of the Heart: The Margaret Sanger Story,"[{'iso_639_1': 'en', 'name': 'English'}]",4.0,1,"[{'id': 18, 'name': 'Drama'}, {'id': 10770, 'name': 'TV Movie'}]",/c3qownNone1NiLDMGHeODibJiNt.jpg,"[{'id': 101066, 'logo_path': None, 'name': 'Hearst Entertainment & Syndication', 'origin_country': ''}]"
28,19789,tt0490668,My Little Pony: The Princess Promenade,0,2006-02-07,0,50.0,en,My Little Pony: The Princess Promenade,"[{'iso_639_1': 'en', 'name': 'English'}]",6.1,8,"[{'id': 16, 'name': 'Animation'}, {'id': 10751, 'name': 'Family'}, {'id': 14, 'name': 'Fantasy'}]",/fkWv7OGHTZgLc6nUfPZIiLUzJ0r.jpg,"[{'id': 29070, 'logo_path': None, 'name': 'SD Entertainment', 'origin_country': 'US'}]"
29,293800,tt0758763,Deadly Lessons,0,2006-03-24,0,137.0,en,Deadly Lessons,"[{'iso_639_1': 'en', 'name': 'English'}]",3.6,4,[],/3VNlYsFItz8PGVJirSTZuWzoSjj.jpg,"[{'id': 20241, 'logo_path': None, 'name': 'Crystal Sky Pictures', 'origin_country': ''}]"
30,34209,tt0471009,Just Like the Son,0,2006-04-29,0,86.0,en,Just Like the Son,"[{'iso_639_1': 'en', 'name': 'English'}]",7.0,1,"[{'id': 18, 'name': 'Drama'}]",,[]
31,9767,tt0452594,The Break-Up,52000000,2006-06-01,204999686,106.0,en,The Break-Up,"[{'iso_639_1': 'en', 'name': 'English'}]",5.7,1771,"[{'id': 10749, 'name': 'Romance'}, {'id': 35, 'name': 'Comedy'}]",/yN3b4ElUOMA2lNcwAzr9TEBpmy.jpg,"[{'id': 33, 'logo_path': '/8lvHyhjr8oUKOOy2dKXoALWKdp0.png', 'name': 'Universal Pictures', 'origin_country': 'US'}, {'id': 748, 'logo_path': None, 'name': 'Mosaic Media Group', 'origin_country': ''}, {'id': 2796, 'logo_path': None, 'name': 'Wild West Picture Show Productions', 'origin_country': 'US'}]"
32,256439,tt0893497,My Little Pony: The Runaway Rainbow,0,2006-09-12,0,46.0,en,My Little Pony: The Runaway Rainbow,"[{'iso_639_1': 'en', 'name': 'English'}]",7.2,6,"[{'id': 16, 'name': 'Animation'}, {'id': 12, 'name': 'Adventure'}, {'id': 14, 'name': 'Fantasy'}]",/dnEqkXi0oUo9jlQCUzhCN0Vxyx7.jpg,"[{'id': 29070, 'logo_path': None, 'name': 'SD Entertainment', 'origin_country': 'US'}]"
33,473729,tt0877358,The Other Gods,0,2006-10-06,0,6.0,en,The Other Gods,[],6.3,3,"[{'id': 16, 'name': 'Animation'}, {'id': 27, 'name': 'Horror'}]",/5Fo9k3pJgtS7y2eU6Xm28MKcwOg.jpg,"[{'id': 98687, 'logo_path': None, 'name': 'Subterranea Entertainment', 'origin_country': ''}, {'id': 109971, 'logo_path': '/oTBxQc7DZBiO6AXLdPQDWsQuZYb.png', 'name': 'Mad Dog Movies', 'origin_country': 'US'}]"
34,39320,tt6979748,The Art of Nature: Jellies,0,2006-10-19,0,95.0,en,The Art of Nature: Jellies,[],7.0,1,[],/eAlJqai5m2vXKdRftB29ddvcKJV.jpg,[]
35,313903,tt0956790,The Magic Flute,0,2006-12-30,0,112.0,en,The Magic Flute,"[{'iso_639_1': 'en', 'name': 'English'}]",8.0,2,"[{'id': 10402, 'name': 'Music'}, {'id': 35, 'name': 'Comedy'}, {'id': 14, 'name': 'Fantasy'}]",/xmzGB5g56VZj4GKwmHZmCL6XgGR.jpg,"[{'id': 15005, 'logo_path': None, 'name': 'The Metropolitan Opera', 'origin_country': 'US'}, {'id': 10492, 'logo_path': '/3fcHNVpW66wgG6o0cgFJlcP8cCg.png', 'name': 'Thirteen', 'origin_country': 'US'}]"
36,337550,tt0814106,Flatland,0,2007-01-01,0,36.0,en,Flatland,"[{'iso_639_1': 'en', 'name': 'English'}]",6.4,9,"[{'id': 16, 'name': 'Animation'}, {'id': 878, 'name': 'Science Fiction'}]",/tnJnSSjGiKVBTRbhuJh5wI6Ozy2.jpg,"[{'id': 83243, 'logo_path': None, 'name': 'Flat World Productions', 'origin_country': ''}]"
37,407001,tt2076340,Star Warriors,0,2007-01-01,0,84.0,en,Star Warriors,"[{'iso_639_1': 'en', 'name': 'English'}]",8.0,1,"[{'id': 99, 'name': 'Documentary'}]",,"[{'id': 11453, 'logo_path': '/82y8ld5VUXjAy7k3U3h61XO5lrx.png', 'name': 'Prometheus Entertainment', 'origin_country': 'US'}]"
38,268396,tt1996322,Midnight Heat,10,2007-01-01,0,98.0,en,Midnight Heat,[],7.8,3,[],,[]
39,223004,tt0476985,Aberration,0,2007-01-01,0,85.0,en,Aberration,"[{'iso_639_1': 'en', 'name': 'English'}]",3.3,5,"[{'id': 27, 'name': 'Horror'}]",,"[{'id': 17840, 'logo_path': None, 'name': 'Ruthless Pictures', 'origin_country': ''}, {'id': 27271, 'logo_path': None, 'name': '30 Something Productions', 'origin_country': 'US'}]"
40,310911,tt0939617,HairKutt,25000,2007-04-10,0,1.0,en,HairKutt,"[{'iso_639_1': 'en', 'name': 'English'}]",10.0,3,"[{'id': 99, 'name': 'Documentary'}]",/4oRi0h0JN2uNTSG4bCkuQGNFmDL.jpg,"[{'id': 96838, 'logo_path': None, 'name': 'Reel Life Films', 'origin_country': ''}]"
41,2503,tt0440963,The Bourne Ultimatum,70000000,2007-08-03,442824138,115.0,en,The Bourne Ultimatum,"[{'iso_639_1': 'en', 'name': 'English'}, {'iso_639_1': 'fr', 'name': 'Français'}, {'iso_639_1': 'ar', 'name': 'العربية'}, {'iso_639_1': 'ru', 'name': 'Pусский'}, {'iso_639_1': 'es', 'name': 'Español'}]",7.4,5193,"[{'id': 28, 'name': 'Action'}, {'id': 18, 'name': 'Drama'}, {'id': 9648, 'name': 'Mystery'}, {'id': 53, 'name': 'Thriller'}]",/d4DuphCHCjVUyffExnK5nLbn39K.jpg,"[{'id': 33, 'logo_path': '/8lvHyhjr8oUKOOy2dKXoALWKdp0.png', 'name': 'Universal Pictures', 'origin_country': 'US'}, {'id': 862, 'logo_path': '/udTjbqPmcTbfrihMuLtLcizDEM1.png', 'name': 'The Kennedy/Marshall Company', 'origin_country': 'US'}, {'id': 11347, 'logo_path': None, 'name': 'Ludlum Entertainment', 'origin_country': ''}, {'id': 11348, 'logo_path': None, 'name': 'Motion Picture BETA Produktionsgesellschaft', 'origin_country': ''}, {'id': 11349, 'logo_path': None, 'name': 'Bourne Again', 'origin_country': ''}, {'id': 125334, 'logo_path': None, 'name': 'KanZaman Services', 'origin_country': ''}, {'id': 682, 'logo_path': None, 'name': 'Peninsula Films', 'origin_country': ''}, {'id': 264, 'logo_path': '/fA90qwUKgPhMONqtwY60GaHRyrW.png', 'name': 'Studio Babelsberg', 'origin_country': 'DE'}]"
42,20720,tt1082588,Gabriel Iglesias: Hot and Fluffy,0,2007-08-04,0,60.0,en,Gabriel Iglesias: Hot and Fluffy,"[{'iso_639_1': 'es', 'name': 'Español'}, {'iso_639_1': 'en', 'name': 'English'}]",7.4,43,"[{'id': 35, 'name': 'Comedy'}]",/hYYiubXgtEmWvsaKVp3ssAzUr9l.jpg,"[{'id': 2922, 'logo_path': None, 'name': 'Levity Productions', 'origin_country': ''}]"
43,74727,tt0971204,Long Pigs,250000,2010-05-18,0,81.0,en,Long Pigs,"[{'iso_639_1': 'en', 'name': 'English'}]",5.3,12,"[{'id': 80, 'name': 'Crime'}, {'id': 27, 'name': 'Horror'}]",/yNW47Z12tVspxu54VsoQlS4XOyQ.jpg,[]
44,29833,tt0914799,Brain Dead,0,2007-10-31,0,95.0,en,Brain Dead,"[{'iso_639_1': 'en', 'name': 'English'}]",5.1,20,"[{'id': 27, 'name': 'Horror'}]",,"[{'id': 23718, 'logo_path': None, 'name': 'Prodigy Entertainment', 'origin_country': ''}]"
45,251206,tt3106646,God of Wonders,0,2008-01-01,0,85.0,en,God of Wonders,"[{'iso_639_1': 'en', 'name': 'English'}]",7.1,4,"[{'id': 99, 'name': 'Documentary'}]",,"[{'id': 84501, 'logo_path': None, 'name': 'Eternal Productions', 'origin_country': ''}]"
46,30124,tt1056441,Tru Loved,0,2008-02-27,0,102.0,en,Tru Loved,"[{'iso_639_1': 'en', 'name': 'English'}]",5.0,15,"[{'id': 35, 'name': 'Comedy'}, {'id': 18, 'name': 'Drama'}, {'id': 10749, 'name': 'Romance'}]",,"[{'id': 5020, 'logo_path': None, 'name': 'BrownBag Productions (II)', 'origin_country': ''}]"
47,91443,tt0988035,Chronic Town,0,2008-04-03,0,0.0,en,Chronic Town,[],6.0,1,"[{'id': 18, 'name': 'Drama'}, {'id': 28, 'name': 'Action'}, {'id': 53, 'name': 'Thriller'}]",/trLUlHdOiu6aFBRmk6kDaxatXp.jpg,[]
48,13078,tt0796302,The Babysitters,0,2007-09-11,44852,88.0,en,The Babysitters,"[{'iso_639_1': 'en', 'name': 'English'}]",5.2,168,"[{'id': 18, 'name': 'Drama'}]",/nsrNUqGXI95unRKZEu8BJ584xWn.jpg,"[{'id': 6724, 'logo_path': None, 'name': 'Upload Films', 'origin_country': ''}, {'id': 2813, 'logo_path': None, 'name': 'Forensic Films', 'origin_country': ''}, {'id': 77919, 'logo_path': None, 'name': 'O.D.D. Entertainment', 'origin_country': ''}, {'id': 77920, 'logo_path': None, 'name': 'Rebel Films', 'origin_country': ''}]"
49,253442,tt1294160,Exile,0,2008-05-24,0,82.0,en,Exile,"[{'iso_639_1': 'en', 'name': 'English'}]",3.0,1,"[{'id': 28, 'name': 'Action'}, {'id': 10749, 'name': 'Romance'}, {'id': 878, 'name': 'Science Fiction'}]",,[]
50,406044,tt1384803,The End Of The World As We Knew It,2000,2008-06-14,0,60.0,en,The End Of The World As We Knew It,"[{'iso_639_1': 'en', 'name': 'English'}]",10.0,1,"[{'id': 10402, 'name': 'Music'}, {'id': 99, 'name': 'Documentary'}]",,"[{'id': 86594, 'logo_path': None, 'name': 'Wendt Productions', 'origin_country': ''}]"
51,11253,tt0411477,Hellboy II: The Golden Army,85000000,2008-07-11,160388063,120.0,en,Hellboy II: The Golden Army,"[{'iso_639_1': 'en', 'name': 'English'}]",6.7,3399,"[{'id': 14, 'name': 'Fantasy'}, {'id': 27, 'name': 'Horror'}]",/fGQAO4RgUzspO7L4u5KXirIn34s.jpg,"[{'id': 33, 'logo_path': '/8lvHyhjr8oUKOOy2dKXoALWKdp0.png', 'name': 'Universal Pictures', 'origin_country': 'US'}, {'id': 552, 'logo_path': '/9dGdLfm3GteWeUDtD9c9tvlidUG.png', 'name': 'Dark Horse Entertainment', 'origin_country': 'US'}, {'id': 21498, 'logo_path': None, 'name': 'Internationale Filmproduktion Eagle', 'origin_country': 'DE'}, {'id': 2735, 'logo_path': None, 'name': 'Mid Atlantic Films', 'origin_country': ''}, {'id': 7295, 'logo_path': '/5MYE96QiE5a5oFhXxFb4y8ILSpw.png', 'name': 'Relativity Media', 'origin_country': 'US'}, {'id': 840, 'logo_path': None, 'name': 'Lawrence Gordon Productions', 'origin_country': ''}]"
52,52459,tt0134628,Dr. Seuss on the Loose,0,1973-10-15,0,25.0,en,Dr. Seuss on the Loose,"[{'iso_639_1': 'en', 'name': 'English'}]",7.4,8,"[{'id': 16, 'name': 'Animation'}, {'id': 10751, 'name': 'Family'}, {'id': 10770, 'name': 'TV Movie'}]",,"[{'id': 8402, 'logo_path': None, 'name': 'DePatie-Freleng Enterprises (DFE)', 'origin_country': ''}]"
53,50673,tt0910915,Life in Flight,2000000,2008-09-12,0,78.0,en,Life in Flight,"[{'iso_639_1': 'en', 'name': 'English'}]",6.7,3,"[{'id': 35, 'name': 'Comedy'}, {'id': 18, 'name': 'Drama'}, {'id': 10749, 'name': 'Romance'}]",,[]
54,44120,tt1352357,The Boy Next Door,0,2008-11-14,0,14.0,en,The Boy Next Door,"[{'iso_639_1': 'en', 'name': 'English'}]",6.2,11,"[{'id': 18, 'name': 'Drama'}]",,"[{'id': 93427, 'logo_path': None, 'name': 'Sunfire Images', 'origin_country': ''}]"
55,274175,tt0449570,Buddha Wild: Monk in a Hut,25000,2008-04-16,275000,60.0,en,Buddha Wild: Monk in a Hut,"[{'iso_639_1': 'en', 'name': 'English'}, {'iso_639_1': 'sa', 'name': ''}, {'iso_639_1': 'th', 'name': 'ภาษาไทย'}]",10.0,1,"[{'id': 12, 'name': 'Adventure'}, {'id': 35, 'name': 'Comedy'}, {'id': 99, 'name': 'Documentary'}, {'id': 10751, 'name': 'Family'}]",/hFjaXX9jaa7PxLkejfqlDVh0h3J.jpg,"[{'id': 89005, 'logo_path': '/raNQhziEwCevw44VzSA1JaYdpXk.png', 'name': 'Carpe Diem Films', 'origin_country': 'US'}]"
56,24328,tt1330219,Tokyo Mater,0,2008-12-12,0,6.0,en,Tokyo Mater,"[{'iso_639_1': 'es', 'name': 'Español'}, {'iso_639_1': 'en', 'name': 'English'}]",6.0,58,"[{'id': 16, 'name': 'Animation'}, {'id': 35, 'name': 'Comedy'}]",/3vaNFvoJhySsBLsjlToMgjnMwj8.jpg,"[{'id': 3, 'logo_path': '/1TjvGVDMYsj6JBxOAkUHpPEwLf7.png', 'name': 'Pixar', 'origin_country': 'US'}]"
57,10199,tt0420238,The Tale of Despereaux,60000000,2008-12-18,86947965,93.0,en,The Tale of Despereaux,"[{'iso_639_1': 'en', 'name': 'English'}]",5.9,572,"[{'id': 12, 'name': 'Adventure'}, {'id': 16, 'name': 'Animation'}, {'id': 10751, 'name': 'Family'}]",/yADB4GsH2AvSHPsBVGjj8wByonk.jpg,"[{'id': 1163, 'logo_path': None, 'name': 'Larger Than Life Productions', 'origin_country': 'US'}]"
58,10199,tt0420238,The Tale of Despereaux,60000000,2008-12-18,86947965,93.0,en,The Tale of Despereaux,"[{'iso_639_1': 'en', 'name': 'English'}]",5.9,572,"[{'id': 12, 'name': 'Adventure'}, {'id': 16, 'name': 'Animation'}, {'id': 10751, 'name': 'Family'}]",/yADB4GsH2AvSHPsBVGjj8wByonk.jpg,"[{'id': 1163, 'logo_path': None, 'name': 'Larger Than Life Productions', 'origin_country': 'US'}]"
59,160484,tt1427844,Chased,25000,2009-01-01,0,16.0,en,Chased,"[{'iso_639_1': 'en', 'name': 'English'}]",4.5,1,"[{'id': 18, 'name': 'Drama'}]",,"[{'id': 77274, 'logo_path': None, 'name': 'The Branden Blinn Media Group', 'origin_country': 'US'}]"
60,52804,tt1326224,Graphic Sexual Horror,0,2009-01-18,0,84.0,en,Graphic Sexual Horror,"[{'iso_639_1': 'en', 'name': 'English'}]",7.6,18,"[{'id': 99, 'name': 'Documentary'}]",/37ROPOX1hIR0Ogr29xFyIdTXQks.jpg,"[{'id': 52390, 'logo_path': None, 'name': 'NC-17 Productions', 'origin_country': ''}]"
61,24886,tt1230126,Minor Details,0,2009-02-05,0,86.0,en,Minor Details,"[{'iso_639_1': 'en', 'name': 'English'}]",5.6,15,"[{'id': 12, 'name': 'Adventure'}, {'id': 10751, 'name': 'Family'}, {'id': 9648, 'name': 'Mystery'}]",/c9xkBqj0YjmG4FtV7psJBz8ehcl.jpg,"[{'id': 9074, 'logo_path': None, 'name': 'Mainstay Productions', 'origin_country': 'US'}, {'id': 107517, 'logo_path': None, 'name': 'BOTA Productions', 'origin_country': 'US'}]"
62,68335,tt0865560,Now & Later,0,2009-02-18,0,99.0,en,Now & Later,"[{'iso_639_1': 'en', 'name': 'English'}]",5.1,19,"[{'id': 18, 'name': 'Drama'}]",/8kVBr6XJglohrIwoqrUNKBvyTC5.jpg,"[{'id': 7317, 'logo_path': None, 'name': 'Cinema Libre Studio', 'origin_country': ''}, {'id': 7318, 'logo_path': None, 'name': 'Imago-Creata', 'origin_country': ''}]"
63,37665,tt0960097,Wake,0,2009-02-25,0,97.0,en,Wake,"[{'iso_639_1': 'en', 'name': 'English'}]",4.9,24,"[{'id': 35, 'name': 'Comedy'}, {'id': 18, 'name': 'Drama'}, {'id': 10749, 'name': 'Romance'}]",,[]
64,21634,tt1073510,Prayers for Bobby,0,2009-02-27,0,90.0,en,Prayers for Bobby,"[{'iso_639_1': 'en', 'name': 'English'}]",7.9,311,"[{'id': 18, 'name': 'Drama'}, {'id': 36, 'name': 'History'}, {'id': 10770, 'name': 'TV Movie'}]",/1viFwXluAettogGDsTrSUUg29lZ.jpg,"[{'id': 4062, 'logo_path': None, 'name': 'Once Upon a Time Films', 'origin_country': ''}, {'id': 115546, 'logo_path': None, 'name': 'Sladek Taaffe Productions', 'origin_country': ''}, {'id': 455, 'logo_path': None, 'name': 'Permut Presentations', 'origin_country': ''}]"
65,21634,tt1073510,Prayers for Bobby,0,2009-02-27,0,90.0,en,Prayers for Bobby,"[{'iso_639_1': 'en', 'name': 'English'}]",7.9,311,"[{'id': 18, 'name': 'Drama'}, {'id': 36, 'name': 'History'}, {'id': 10770, 'name': 'TV Movie'}]",/1viFwXluAettogGDsTrSUUg29lZ.jpg,"[{'id': 4062, 'logo_path': None, 'name': 'Once Upon a Time Films', 'origin_country': ''}, {'id': 115546, 'logo_path': None, 'name': 'Sladek Taaffe Productions', 'origin_country': ''}, {'id': 455, 'logo_path': None, 'name': 'Permut Presentations', 'origin_country': ''}]"
66,16538,tt1155056,"I Love You, Man",41000000,2009-03-20,91980359,105.0,en,"I Love You, Man","[{'iso_639_1': 'en', 'name': 'English'}]",6.5,1067,"[{'id': 35, 'name': 'Comedy'}]",/ewGJfCkBkLV4naw1WKqO301bHh2.jpg,"[{'id': 2364, 'logo_path': '/oZyR5maGM96jReVgW7oJ7mXN8ts.png', 'name': 'The Montecito Picture Company', 'origin_country': 'US'}, {'id': 2609, 'logo_path': '/ocmrEBfmecJvrbIM4C50vjYWtlq.png', 'name': 'De Line Pictures', 'origin_country': 'US'}, {'id': 3194, 'logo_path': None, 'name': 'Bernard Gayle Productions', 'origin_country': ''}]"
67,56811,tt1277936,Cropsey,0,2009-04-25,35456,84.0,en,Cropsey,"[{'iso_639_1': 'en', 'name': 'English'}]",6.0,111,"[{'id': 9648, 'name': 'Mystery'}, {'id': 99, 'name': 'Documentary'}, {'id': 27, 'name': 'Horror'}, {'id': 80, 'name': 'Crime'}]",/mcmJj11lX8v518rvzYb22LlCjAz.jpg,"[{'id': 23912, 'logo_path': None, 'name': 'Antidote Films (I)', 'origin_country': ''}, {'id': 129602, 'logo_path': None, 'name': 'Afterhours Productions', 'origin_country': ''}, {'id': 51071, 'logo_path': None, 'name': 'Ghost Robot', 'origin_country': ''}, {'id': 3768, 'logo_path': None, 'name': 'Off Hollywood Pictures', 'origin_country': ''}]"
68,550477,tt1344416,On the Bus,0,2009-03-21,0,6.0,en,On the Bus,"[{'iso_639_1': 'en', 'name': 'English'}]",4.0,2,"[{'id': 18, 'name': 'Drama'}]",/3kBT34wPG2YsJpVB0ebUaAw7veJ.jpg,"[{'id': 34211, 'logo_path': '/2Lm0A4JpwbQs9pZ1WRznPQ3CrFk.png', 'name': 'VFS Productions', 'origin_country': 'CA'}]"
69,39958,tt1070887,The War Boys,0,2009-05-30,0,93.0,en,The War Boys,"[{'iso_639_1': 'en', 'name': 'English'}]",6.6,35,"[{'id': 18, 'name': 'Drama'}]",/qM97lJJHN9Wxma25GUrIOSK1w2p.jpg,"[{'id': 26251, 'logo_path': None, 'name': 'The Group Entertainment', 'origin_country': 'US'}]"
70,457793,tt1621957,Smash: Motorized Mayhem,0,2009-06-10,0,70.0,en,Smash: Motorized Mayhem,[],6.0,3,"[{'id': 99, 'name': 'Documentary'}]",/kqvvQSSXkZtnIHpFEtDcBlvFID9.jpg,[]
71,62576,tt1220633,Pastor Brown,0,2009-06-26,0,0.0,en,Pastor Brown,"[{'iso_639_1': 'en', 'name': 'English'}]",6.3,4,"[{'id': 18, 'name': 'Drama'}]",/fUCD6zby6u8QuwIBhoQoLVhMMvn.jpg,"[{'id': 94326, 'logo_path': None, 'name': 'Rock Capital Films', 'origin_country': ''}]"
72,44700,tt0850648,American Cowslip,0,2009-07-24,0,107.0,en,American Cowslip,"[{'iso_639_1': 'en', 'name': 'English'}]",4.3,6,"[{'id': 35, 'name': 'Comedy'}]",,"[{'id': 90745, 'logo_path': None, 'name': 'Buffalo Speedway Film Company', 'origin_country': 'US'}, {'id': 111683, 'logo_path': None, 'name': 'Cowslip Film Partners', 'origin_country': ''}, {'id': 111684, 'logo_path': None, 'name': 'Zetta Pictures', 'origin_country': ''}, {'id': 109145, 'logo_path': None, 'name': 'Firefly Films', 'origin_country': 'US'}]"
73,62615,tt1389116,Scouts Honor,0,2009-08-15,0,90.0,en,Scouts Honor,"[{'iso_639_1': 'en', 'name': 'English'}]",2.8,2,"[{'id': 35, 'name': 'Comedy'}, {'id': 10751, 'name': 'Family'}]",,[]
74,23116,tt1394268,Loose Change 9/11: An American Coup,0,2009-09-22,0,99.0,en,Loose Change 9/11: An American Coup,"[{'iso_639_1': 'en', 'name': 'English'}, {'iso_639_1': 'fr', 'name': 'Français'}, {'iso_639_1': 'es', 'name': 'Español'}]",6.8,45,"[{'id': 99, 'name': 'Documentary'}]",/76ZLA1VIVny7iJB2sshfgUIqDdy.jpg,"[{'id': 5831, 'logo_path': None, 'name': 'Collective Minds Media Company', 'origin_country': ''}, {'id': 5832, 'logo_path': None, 'name': 'Microcinema International', 'origin_country': ''}, {'id': 5833, 'logo_path': None, 'name': 'Morningstar Entertainment', 'origin_country': ''}, {'id': 5834, 'logo_path': None, 'name': 'Brown & Stretic', 'origin_country': ''}, {'id': 5835, 'logo_path': None, 'name': 'The Frankfurt Group', 'origin_country': ''}, {'id': 5836, 'logo_path': None, 'name': 'Frankfurt Kurnit Klein & Selz', 'origin_country': ''}]"
75,33275,tt1097015,Red Hook,0,2009-10-03,0,85.0,en,Red Hook,"[{'iso_639_1': 'en', 'name': 'English'}]",3.4,8,"[{'id': 35, 'name': 'Comedy'}, {'id': 18, 'name': 'Drama'}, {'id': 27, 'name': 'Horror'}, {'id': 53, 'name': 'Thriller'}]",/75C3kmEnxYS249x8Gd58IZBrCrN.jpg,"[{'id': 5275, 'logo_path': '/hO3KUbrwffKsqaa68S6bVj62ip2.png', 'name': 'Red Sand Media Partners', 'origin_country': 'US'}, {'id': 58425, 'logo_path': '/lxUhLQsNk9bkxHsgDRz7kfuowlW.png', 'name': 'Moodude Films', 'origin_country': 'US'}, {'id': 111011, 'logo_path': None, 'name': 'The Harmony Entertainment Group', 'origin_country': 'US'}]"
76,57505,tt1664723,My Little Pony: Twinkle Wish Adventure,0,2009-10-13,0,44.0,en,My Little Pony: Twinkle Wish Adventure,"[{'iso_639_1': 'en', 'name': 'English'}]",5.0,3,"[{'id': 10751, 'name': 'Family'}, {'id': 16, 'name': 'Animation'}]",/2M2swKeuYGpL9NxbgL8b3RxRj7j.jpg,[]
77,353155,tt1833073,STRONGHOLD: In the Grip of Wrestling,0,2009-10-18,0,124.0,en,STRONGHOLD: In the Grip of Wrestling,"[{'iso_639_1': 'en', 'name': 'English'}]",6.0,1,"[{'id': 99, 'name': 'Documentary'}]",/tkOjoOlKMc7CEThlYNUqmKTvFID.jpg,"[{'id': 60176, 'logo_path': None, 'name': 'Rook Communications', 'origin_country': 'US'}]"
78,250622,tt1047102,National Lampoon Presents: Endless Bummer,0,2009-10-20,0,87.0,en,National Lampoon Presents: Endless Bummer,"[{'iso_639_1': 'en', 'name': 'English'}]",4.0,12,"[{'id': 35, 'name': 'Comedy'}]",/hBwQZXJwGV55qoicfS0sybIYjnY.jpg,"[{'id': 3432, 'logo_path': None, 'name': 'National Lampoon Productions', 'origin_country': ''}, {'id': 6763, 'logo_path': None, 'name': 'National Lampoon', 'origin_country': ''}, {'id': 9035, 'logo_path': None, 'name': 'Lighthouse Entertainment', 'origin_country': 'US'}, {'id': 61645, 'logo_path': None, 'name': 'Vans Warped Tour', 'origin_country': ''}]"
79,61233,tt1212023,Dark Fields,0,2009-10-25,0,110.0,en,Dark Fields,"[{'iso_639_1': 'en', 'name': 'English'}]",3.6,9,"[{'id': 27, 'name': 'Horror'}]",/hY40zfXl2IlWD8g0wVsPTnve28q.jpg,[]
80,31992,tt1410020,Freeway Killer,0,2009-11-04,0,88.0,en,Freeway Killer,"[{'iso_639_1': 'en', 'name': 'English'}]",5.5,11,"[{'id': 27, 'name': 'Horror'}, {'id': 53, 'name': 'Thriller'}, {'id': 18, 'name': 'Drama'}, {'id': 80, 'name': 'Crime'}]",/fobg2eRCcGsCaiSe90w0wGScAS1.jpg,"[{'id': 110489, 'logo_path': None, 'name': 'Fresh Planet', 'origin_country': ''}]"
81,41144,tt1270286,To Save A Life,0,2009-11-05,0,120.0,en,To Save A Life,"[{'iso_639_1': 'en', 'name': 'English'}]",6.6,37,"[{'id': 18, 'name': 'Drama'}]",/9oPVZVOO6IiFg7gvbCy47XFWn9p.jpg,"[{'id': 130890, 'logo_path': None, 'name': 'New Song Pictures', 'origin_country': ''}, {'id': 130891, 'logo_path': None, 'name': 'Outreach Films', 'origin_country': ''}, {'id': 130892, 'logo_path': None, 'name': 'Accelerated Entertainment', 'origin_country': ''}]"
82,36550,tt1079968,Jack and the Beanstalk,0,2009-11-06,0,94.0,en,Jack and the Beanstalk,"[{'iso_639_1': 'en', 'name': 'English'}]",5.2,44,"[{'id': 12, 'name': 'Adventure'}, {'id': 35, 'name': 'Comedy'}, {'id': 10751, 'name': 'Family'}, {'id': 14, 'name': 'Fantasy'}]",/ypaD2MdZb0iokRg2EyHJ7au2SnZ.jpg,[]
83,36419,tt0838247,After.Life,4500000,2009-11-07,3606395,104.0,en,After.Life,"[{'iso_639_1': 'en', 'name': 'English'}]",5.8,547,"[{'id': 18, 'name': 'Drama'}, {'id': 27, 'name': 'Horror'}, {'id': 9648, 'name': 'Mystery'}, {'id': 53, 'name': 'Thriller'}]",/iTJUqvnF2Q9BRt8MqpIR4Dud8d2.jpg,"[{'id': 12410, 'logo_path': None, 'name': 'Lleju Productions', 'origin_country': ''}, {'id': 6020, 'logo_path': None, 'name': 'Harbor Light Entertainment', 'origin_country': 'US'}]"
84,32124,tt1241316,Dare,0,2009-11-13,18088,91.0,en,Dare,"[{'iso_639_1': 'en', 'name': 'English'}]",6.1,44,"[{'id': 18, 'name': 'Drama'}, {'id': 10749, 'name': 'Romance'}, {'id': 35, 'name': 'Comedy'}]",/aNVGaSM1MC4YOEEuvkXx5U6sBVu.jpg,"[{'id': 3788, 'logo_path': '/1xYpC0Qc9q10AZdjdpsvcsFBo1l.png', 'name': 'Gigantic Pictures', 'origin_country': 'US'}, {'id': 921, 'logo_path': None, 'name': 'Next Wednesday Productions', 'origin_country': ''}]"
85,203810,tt1637641,Meltdown,0,2009-11-14,0,90.0,en,Meltdown,"[{'iso_639_1': 'en', 'name': 'English'}]",5.5,5,"[{'id': 28, 'name': 'Action'}]",,"[{'id': 15172, 'logo_path': None, 'name': 'Cinema Vision Pictures', 'origin_country': ''}]"
86,32005,tt0965375,Breaking Point,2500000,2009-12-04,0,93.0,en,Breaking Point,"[{'iso_639_1': 'en', 'name': 'English'}]",5.6,8,"[{'id': 28, 'name': 'Action'}, {'id': 12, 'name': 'Adventure'}, {'id': 18, 'name': 'Drama'}, {'id': 53, 'name': 'Thriller'}]",/liLliLIy4cP4XvIrdEITr0nHmo9.jpg,"[{'id': 82407, 'logo_path': None, 'name': 'Evolving Productions', 'origin_country': ''}]"
87,467804,tt1631355,Lines of Glory,1,2009-12-05,1,21.0,en,Lines of Glory,"[{'iso_639_1': 'en', 'name': 'English'}]",10.0,1,"[{'id': 35, 'name': 'Comedy'}]",,"[{'id': 65638, 'logo_path': None, 'name': 'Whiplash Films', 'origin_country': ''}, {'id': 92819, 'logo_path': None, 'name': 'JackandZack Films', 'origin_country': ''}]"
88,19995,tt0499549,Avatar,237000000,2009-12-10,2787965087,162.0,en,Avatar,"[{'iso_639_1': 'en', 'name': 'English'}, {'iso_639_1': 'es', 'name': 'Español'}]",7.4,21369,"[{'id': 28, 'name': 'Action'}, {'id': 12, 'name': 'Adventure'}, {'id': 14, 'name': 'Fantasy'}, {'id': 878, 'name': 'Science Fiction'}]",/btnl50ZDJDSCal2NLQIYWw0XxvH.jpg,"[{'id': 444, 'logo_path': '/42UPdZl6B2cFXgNUASR8hSt9mpS.png', 'name': 'Dune Entertainment', 'origin_country': 'US'}, {'id': 574, 'logo_path': '/iB6GjNVHs5hOqcEYt2rcjBqIjki.png', 'name': 'Lightstorm Entertainment', 'origin_country': 'US'}, {'id': 25, 'logo_path': '/qZCc1lty5FzX30aOCVRBLzaVmcp.png', 'name': '20th Century Fox', 'origin_country': 'US'}, {'id': 290, 'logo_path': '/Q8mw2AOQQc8Qg0uNwLWq86DVZv.png', 'name': 'Ingenious Media', 'origin_country': 'GB'}]"
89,433335,,Servants of Mercy,0,2010-01-01,0,14.0,en,Servants of Mercy,[],8.0,1,[],,[]
90,100689,tt1548021,Swine,15000,2010-01-01,0,12.0,en,Swine,"[{'iso_639_1': 'en', 'name': 'English'}]",6.0,1,"[{'id': 28, 'name': 'Action'}, {'id': 878, 'name': 'Science Fiction'}]",,[]
91,59982,tt1486186,Meeting Spencer,0,2010-01-01,0,0.0,en,Meeting Spencer,"[{'iso_639_1': 'en', 'name': 'English'}]",6.0,1,"[{'id': 35, 'name': 'Comedy'}]",,[]
92,141991,,My Eyes Won't Dry 3 - Tubular Addiction,0,2010-01-01,0,0.0,en,My Eyes Won't Dry 3 - Tubular Addiction,[],8.5,1,[],,[]
93,144907,tt1705787,Tetherball: The Movie,0,2010-01-01,0,0.0,en,Tetherball: The Movie,"[{'iso_639_1': 'en', 'name': 'English'}]",5.0,1,"[{'id': 35, 'name': 'Comedy'}]",,"[{'id': 88745, 'logo_path': None, 'name': 'NitroBlitz Productions', 'origin_country': ''}]"
94,113347,tt1663970,A Drummer's Dream,0,2010-01-01,0,84.0,en,A Drummer's Dream,[],8.3,3,"[{'id': 10402, 'name': 'Music'}, {'id': 99, 'name': 'Documentary'}]",,[]
95,132281,tt1071783,The Dead Sleep,0,2010-01-01,0,94.0,en,The Dead Sleep,[],5.0,1,"[{'id': 53, 'name': 'Thriller'}]",/ybouWOJmSQ1a0yLQQ16qfomaQtA.jpg,[]
96,44224,tt1468703,Bear,10000000,2010-01-01,0,90.0,en,Bear,"[{'iso_639_1': 'en', 'name': 'English'}]",3.9,11,"[{'id': 27, 'name': 'Horror'}, {'id': 28, 'name': 'Action'}, {'id': 53, 'name': 'Thriller'}]",/8xJjU8rQx2M2alAyGSRIxGzy3gx.jpg,"[{'id': 98124, 'logo_path': None, 'name': 'Rebel Entertainment', 'origin_country': ''}, {'id': 12182, 'logo_path': None, 'name': 'Rebel Film BV', 'origin_country': ''}, {'id': 22217, 'logo_path': None, 'name': 'Wiseacre Films', 'origin_country': ''}]"
97,15744,,The Witchblade,0,2010-01-01,0,0.0,en,The Witchblade,[],8.0,1,[],,"[{'id': 3944, 'logo_path': None, 'name': 'Platinum Media Group', 'origin_country': ''}]"
98,204344,tt1679215,Internet Story,0,2010-01-01,0,10.0,en,Internet Story,"[{'iso_639_1': 'en', 'name': 'English'}]",7.9,6,"[{'id': 16, 'name': 'Animation'}, {'id': 18, 'name': 'Drama'}]",,[]
99,81584,tt1303794,Scrappers,0,2010-01-01,0,90.0,en,Scrappers,"[{'iso_639_1': 'en', 'name': 'English'}, {'iso_639_1': 'es', 'name': 'Español'}]",5.0,1,"[{'id': 99, 'name': 'Documentary'}]",,[]
100,402734,,David Icke Debunked,0,2010-01-01,0,147.0,en,David Icke Debunked,[],9.0,1,"[{'id': 99, 'name': 'Documentary'}]",,[]
101,33249,tt0800037,For Love of Liberty: The Story of America's Black Patriots,0,2010-01-01,0,310.0,en,For Love of Liberty: The Story of America's Black Patriots,"[{'iso_639_1': 'en', 'name': 'English'}]",8.0,1,"[{'id': 99, 'name': 'Documentary'}, {'id': 10752, 'name': 'War'}]",/3BEcK5YlaUAaX7NGQ833gQ1PhdW.jpg,[]
102,104964,tt1421374,Mulberry St.,0,2010-01-01,0,97.0,en,Mulberry St.,"[{'iso_639_1': 'en', 'name': 'English'}]",6.0,3,"[{'id': 99, 'name': 'Documentary'}]",,[]
103,76611,tt1691864,"Kisses, Chloe",0,2010-01-01,0,,en,"Kisses, Chloe",[],1.0,1,"[{'id': 18, 'name': 'Drama'}]",,[]
104,361822,tt1656716,Pinched,0,2010-01-01,0,11.0,en,Pinched,[],7.0,7,"[{'id': 10749, 'name': 'Romance'}, {'id': 16, 'name': 'Animation'}, {'id': 28, 'name': 'Action'}, {'id': 80, 'name': 'Crime'}]",/4N5VYLVU9NMNOmhBfbXDCMYcJBo.jpg,"[{'id': 4152, 'logo_path': None, 'name': 'Titmouse', 'origin_country': ''}]"
105,334638,tt1586701,Bass Reeves,0,2010-01-01,0,,en,Bass Reeves,[],8.0,1,[],,[]
106,149733,tt1729196,Flatline,0,2010-01-01,0,82.0,en,Flatline,[],1.5,2,[],,[]
107,61162,,Obituary: Live Xecution,0,2010-01-01,0,97.0,en,Obituary: Live Xecution - Party San 2008,"[{'iso_639_1': 'en', 'name': 'English'}]",4.3,2,"[{'id': 10402, 'name': 'Music'}]",/wry9opcQnZToG3IRxlD7schx5X5.jpg,[]
108,44991,tt1174693,The Four-Faced Liar,2000000,2010-01-01,0,87.0,en,The Four-Faced Liar,"[{'iso_639_1': 'en', 'name': 'English'}]",5.4,32,"[{'id': 35, 'name': 'Comedy'}, {'id': 18, 'name': 'Drama'}, {'id': 10749, 'name': 'Romance'}]",/81Poo7kSBjYGjA7ytdHtu4fhaGN.jpg,"[{'id': 25901, 'logo_path': None, 'name': 'Cinescape Productions', 'origin_country': ''}, {'id': 25902, 'logo_path': None, 'name': '6140 Productions', 'origin_country': ''}, {'id': 16449, 'logo_path': None, 'name': 'OneZero Productions', 'origin_country': ''}, {'id': 25903, 'logo_path': None, 'name': 'Brillhart / Gonzales Productions', 'origin_country': ''}]"
109,45761,tt1725842,Timeless: The Composer/Arranger Series (Suite for Ma Dukes),0,2010-01-01,0,73.0,en,Timeless: The Composer/Arranger Series (Suite for Ma Dukes),[],10.0,1,[],,[]
110,415686,,Infinity Doors,0,2010-01-01,0,2.0,en,Infinity Doors,[],8.0,1,[],,[]
111,309765,,Qi Gong for Beginners,0,2010-01-01,0,0.0,en,Qi Gong for Beginners,[],8.0,1,[],,[]
112,71274,tt1772898,Heaven & Hell - Neon Nights - 30 Years Of Heaven And Hell,0,2010-01-01,0,0.0,en,Heaven & Hell - Neon Nights - 30 Years Of Heaven And Hell,"[{'iso_639_1': 'en', 'name': 'English'}]",9.0,1,"[{'id': 10402, 'name': 'Music'}]",/xerd8nRXaj7AooErK3zSP0Lsgcf.jpg,[]
113,139434,tt1650031,You Don't Like the Truth: 4 Days Inside Guantanamo,0,2010-01-01,0,100.0,en,You Don't Like the Truth: 4 Days Inside Guantanamo,[],9.5,2,[],,[]
114,325303,tt1852161,The Gift,0,2010-01-01,0,29.0,en,Umkhungo,"[{'iso_639_1': 'zu', 'name': 'isiZulu'}]",9.0,1,"[{'id': 9648, 'name': 'Mystery'}, {'id': 18, 'name': 'Drama'}, {'id': 14, 'name': 'Fantasy'}]",,"[{'id': 17302, 'logo_path': None, 'name': 'Mannequin Pictures', 'origin_country': ''}]"
115,252077,tt3106076,Posthaste Perennial Pattern,0,2010-01-01,0,3.0,en,Posthaste Perennial Pattern,[],8.0,4,[],/sk4KDoUPxocTGfu7e4NWbP0xGfx.jpg,[]
116,332457,,The Yellow Bank,0,2010-01-01,0,27.0,en,The Yellow Bank,"[{'iso_639_1': 'zh', 'name': '普通话'}]",7.0,1,"[{'id': 99, 'name': 'Documentary'}]",,[]
117,230997,tt1558249,Do Not Disturb,0,2010-01-01,0,0.0,en,Do Not Disturb,"[{'iso_639_1': 'en', 'name': 'English'}]",2.0,1,"[{'id': 35, 'name': 'Comedy'}, {'id': 27, 'name': 'Horror'}]",,"[{'id': 65600, 'logo_path': None, 'name': 'Mali Elfman Productions', 'origin_country': ''}]"
118,414955,,Cirque de Chine,0,2010-01-01,0,104.0,en,Cirque de Chine,"[{'iso_639_1': 'en', 'name': 'English'}]",10.0,1,[],,[]
119,122561,,"In the Absence of Light, Darkness Prevails",0,2010-01-01,0,13.0,en,"In the Absence of Light, Darkness Prevails",[],9.0,1,[],,[]
120,168543,tt2177805,Trading on Thin Air,0,2010-01-01,0,78.0,en,Trading on Thin Air,[],7.0,1,[],/wCfAYyRye4vza2JNfVtbKMI6qUe.jpg,[]
121,505037,tt2095231,Alone on the Wall,0,2010-01-01,0,35.0,en,Alone on the Wall,"[{'iso_639_1': 'en', 'name': 'English'}, {'iso_639_1': 'it', 'name': 'Italiano'}]",9.0,2,"[{'id': 28, 'name': 'Action'}]",/s5N1ZRoMc7NOfo6WCslMuMdRjUC.jpg,"[{'id': 5234, 'logo_path': '/24GREmyxfSHuaLUkrDCVngO18rO.png', 'name': 'Sender Films', 'origin_country': 'US'}]"
122,153113,tt1783272,Flagpole,0,2010-01-01,0,21.0,en,Flagpole,[],8.0,1,"[{'id': 35, 'name': 'Comedy'}, {'id': 18, 'name': 'Drama'}]",,[]
123,415043,tt2984926,Disneyland Resort: Behind The Scenes,0,2010-01-01,0,51.0,en,Disneyland Resort: Behind The Scenes,[],10.0,1,"[{'id': 99, 'name': 'Documentary'}]",/dOGdX5Jbfv2GB4dzGt6F2cQJtBX.jpg,"[{'id': 72120, 'logo_path': None, 'name': 'Questar Video', 'origin_country': ''}, {'id': 10232, 'logo_path': None, 'name': 'Lightship Entertainment', 'origin_country': 'US'}]"
124,35074,tt1545986,Dinoshark,0,2010-01-01,0,92.0,en,Dinoshark,"[{'iso_639_1': 'en', 'name': 'English'}]",4.4,31,"[{'id': 27, 'name': 'Horror'}, {'id': 878, 'name': 'Science Fiction'}]",/fpgChhnmXCaYzxRKdyEhqXQ0rQd.jpg,[]
125,329754,,Boondockers 7,0,2010-01-01,0,0.0,en,Boondockers 7,[],10.0,1,[],,[]
126,45527,tt1331329,The Final Storm,0,2010-01-01,0,92.0,en,The Final Storm,"[{'iso_639_1': 'en', 'name': 'English'}]",4.5,25,"[{'id': 28, 'name': 'Action'}, {'id': 9648, 'name': 'Mystery'}, {'id': 53, 'name': 'Thriller'}, {'id': 27, 'name': 'Horror'}]",/6qud4ItaA6VWqtoVtOIJpGMNhI1.jpg,"[{'id': 95579, 'logo_path': None, 'name': 'Flood Productions', 'origin_country': ''}, {'id': 1063, 'logo_path': '/fpVBhNnopOZwGuF0gg99oBHp1ht.png', 'name': 'Brightlight Pictures', 'origin_country': 'CA'}, {'id': 1062, 'logo_path': None, 'name': 'Boll Kino Beteiligungs GmbH & Co. KG', 'origin_country': ''}, {'id': 95580, 'logo_path': None, 'name': 'Bossa Nova Productions', 'origin_country': ''}]"
127,68212,tt1323917,The Terror Experiment,0,2010-01-01,0,82.0,en,The Terror Experiment,"[{'iso_639_1': 'en', 'name': 'English'}]",4.2,16,"[{'id': 27, 'name': 'Horror'}, {'id': 28, 'name': 'Action'}, {'id': 53, 'name': 'Thriller'}]",/6p0Yox5Om8vVKxg61AI4Ar55C47.jpg,"[{'id': 26704, 'logo_path': None, 'name': 'Remember Dreaming Productions', 'origin_country': ''}, {'id': 10962, 'logo_path': None, 'name': 'Freefall Films', 'origin_country': ''}, {'id': 10963, 'logo_path': None, 'name': 'MKM', 'origin_country': ''}]"
128,269640,tt1562904,To Die is Hard,1500,2010-01-01,4549,87.0,en,To Die is Hard,[],10.0,1,"[{'id': 35, 'name': 'Comedy'}, {'id': 28, 'name': 'Action'}]",,"[{'id': 63049, 'logo_path': None, 'name': 'Driving With Our Eyes Shut', 'origin_country': ''}]"
129,522644,,Luther Allison: Songs from the Road,0,2010-01-01,0,60.0,en,Luther Allison: Songs from the Road,"[{'iso_639_1': 'en', 'name': 'English'}]",10.0,1,"[{'id': 10402, 'name': 'Music'}]",,[]
130,271049,tt1767279,Bedtime for Timmy,0,2010-01-01,0,,en,Bedtime for Timmy,[],7.5,2,[],,[]
131,333926,tt2254087,Online Crush,0,2010-01-01,0,81.0,en,Online Crush,"[{'iso_639_1': 'en', 'name': 'English'}]",1.0,1,[],,[]
132,59419,tt1438251,The Best and the Brightest,0,2010-01-01,0,93.0,en,The Best and the Brightest,"[{'iso_639_1': 'en', 'name': 'English'}]",4.6,13,"[{'id': 35, 'name': 'Comedy'}]",/2DMVV9lFruRPCFIljehT4ufqZ1Y.jpg,"[{'id': 66349, 'logo_path': None, 'name': 'High Treason Pictures', 'origin_country': ''}, {'id': 6831, 'logo_path': '/ojg8jqsVLGDvuJowOkZQZVV42AA.png', 'name': 'Big Indie Pictures', 'origin_country': 'US'}, {'id': 66350, 'logo_path': None, 'name': 'Wellfleet Phantasy Productions', 'origin_country': ''}]"
133,269130,tt1652333,Prayer to a Vengeful God,0,2010-01-01,0,,en,Prayer to a Vengeful God,[],10.0,1,[],,[]
134,279923,tt1736558,Che: A New Man,0,2010-01-01,0,0.0,en,Che: Un Hombre Nuevo,"[{'iso_639_1': 'es', 'name': 'Español'}]",8.0,2,"[{'id': 99, 'name': 'Documentary'}]",/mSsq9BmC4VrEgsPEa4gRbXfolSJ.jpg,[]
135,116515,tt1273201,Climate Refugees,0,2010-01-29,0,95.0,en,Climate Refugees,"[{'iso_639_1': 'en', 'name': 'English'}]",8.0,1,"[{'id': 99, 'name': 'Documentary'}]",/cUqmkvWFiEcfPGzgNFjUlYv5n63.jpg,[]
136,331998,tt0297916,Edie: Girl on Fire,0,2010-01-01,0,28.0,en,Edie: Girl on Fire,[],0.0,1,[],/6MS9DWEJO410PNy3JEBRsKaRurF.jpg,[]
137,67108,tt1844692,"Je T'aime, I Love You Terminal",0,2010-01-01,0,80.0,en,"Je T'aime, I Love You Terminal","[{'iso_639_1': 'en', 'name': 'English'}]",6.0,1,[],,[]
138,55299,tt1611928,Muzica in Sange,0,2010-01-01,0,,en,Muzica in Sange,"[{'iso_639_1': 'ro', 'name': 'Română'}]",8.0,1,[],,[]
139,297080,tt3603580,The Science of Disney Imagineering: Electricity,0,2010-01-01,0,30.0,en,The Science of Disney Imagineering: Electricity,"[{'iso_639_1': 'en', 'name': 'English'}]",10.0,1,"[{'id': 10751, 'name': 'Family'}, {'id': 99, 'name': 'Documentary'}]",,[]
140,383594,tt1663203,The Seattle Pilots: Short Flight Into History,0,2010-01-01,0,84.0,en,The Seattle Pilots: Short Flight Into History,"[{'iso_639_1': 'en', 'name': 'English'}]",9.0,1,"[{'id': 99, 'name': 'Documentary'}, {'id': 36, 'name': 'History'}]",,"[{'id': 73399, 'logo_path': None, 'name': 'Play Ball Films', 'origin_country': ''}]"
141,35004,tt1159721,Order of Chaos,1000000,2010-01-01,0,90.0,en,Order of Chaos,"[{'iso_639_1': 'en', 'name': 'English'}]",4.6,14,"[{'id': 53, 'name': 'Thriller'}]",/wly6eelF2dqr0K1fOoL0469cup9.jpg,"[{'id': 5510, 'logo_path': None, 'name': 'Ten/Four Pictures', 'origin_country': ''}]"
142,108614,tt1615885,The Seminarian,0,2010-01-01,0,101.0,en,The Seminarian,[],6.0,12,"[{'id': 18, 'name': 'Drama'}]",/4glB4U3Qlo3A3mW5AyXzfs0EqbX.jpg,[]
143,93771,tt1599350,Santa Claus Versus the Zombies,0,2010-01-01,0,100.0,en,Santa Claus Versus the Zombies,[],1.5,2,"[{'id': 35, 'name': 'Comedy'}]",,[]
144,45992,,"Jehovah's Witnesses - Faith In Action, Part 1: Out Of Darkness",0,2010-01-01,0,62.0,en,"Jehovah's Witnesses - Faith In Action, Part 1: Out Of Darkness","[{'iso_639_1': 'de', 'name': 'Deutsch'}, {'iso_639_1': 'en', 'name': 'English'}, {'iso_639_1': 'es', 'name': 'Español'}, {'iso_639_1': 'fr', 'name': 'Français'}, {'iso_639_1': 'it', 'name': 'Italiano'}, {'iso_639_1': 'ja', 'name': '日本語'}, {'iso_639_1': 'nl', 'name': 'Nederlands'}, {'iso_639_1': 'pt', 'name': 'Português'}, {'iso_639_1': 'ru', 'name': 'Pусский'}]",7.5,8,[],,"[{'id': 31085, 'logo_path': None, 'name': 'Watchtower Bible and Tract Society of New York, Inc', 'origin_country': ''}]"
145,150308,tt1721625,Battle of the Bulbs,0,2010-12-18,0,89.0,en,Battle of the Bulbs,"[{'iso_639_1': 'en', 'name': 'English'}]",4.3,9,"[{'id': 18, 'name': 'Drama'}, {'id': 35, 'name': 'Comedy'}, {'id': 10770, 'name': 'TV Movie'}]",/ltAt0AAowZMUBs7J2fL5X15Wah7.jpg,"[{'id': 5723, 'logo_path': None, 'name': 'Pitchblack Pictures Inc.', 'origin_country': ''}]"
146,69929,tt1217059,One in the Gun,0,2010-01-01,0,89.0,en,One in the Gun,[],3.5,2,"[{'id': 53, 'name': 'Thriller'}]",,[]
147,26224,tt1602507,Global Eugenics: Using Medicine to Kill,5000,2010-01-01,0,124.0,en,Global Eugenics: Using Medicine to Kill,"[{'iso_639_1': 'en', 'name': 'English'}]",4.8,6,"[{'id': 99, 'name': 'Documentary'}]",,[]
148,44014,tt1422653,Groupie,0,2010-01-01,0,90.0,en,Groupie,"[{'iso_639_1': 'en', 'name': 'English'}]",3.6,6,"[{'id': 27, 'name': 'Horror'}, {'id': 53, 'name': 'Thriller'}]",/kBHOYMUNrMt0kQUvsUrRFJvMKKO.jpg,"[{'id': 6165, 'logo_path': None, 'name': 'American World Pictures', 'origin_country': ''}, {'id': 133413, 'logo_path': None, 'name': 'Backstage Pass', 'origin_country': ''}]"
149,66793,tt1568798,15 Till Midnight,200000,2010-01-01,0,110.0,en,15 Till Midnight,"[{'iso_639_1': 'en', 'name': 'English'}]",2.6,4,"[{'id': 18, 'name': 'Drama'}, {'id': 9648, 'name': 'Mystery'}, {'id': 878, 'name': 'Science Fiction'}]",/pOBuWAQqsGvHxG8oTtzNdcEP1YB.jpg,"[{'id': 7211, 'logo_path': None, 'name': 'Rotten Apple Productions', 'origin_country': ''}]"
150,82018,tt1502402,Darkening Sky,0,2010-01-01,0,84.0,en,Darkening Sky,[],4.6,7,"[{'id': 27, 'name': 'Horror'}, {'id': 53, 'name': 'Thriller'}, {'id': 878, 'name': 'Science Fiction'}]",/6ok9TbeTxJyRctxn0No4DFbLJP4.jpg,[]
151,47160,tt1137482,The Story Of F***,0,2010-01-01,0,83.0,en,The Story Of F***,[],6.0,1,"[{'id': 14, 'name': 'Fantasy'}, {'id': 35, 'name': 'Comedy'}, {'id': 878, 'name': 'Science Fiction'}, {'id': 10751, 'name': 'Family'}]",,[]
152,39082,tt1286746,Gutter King,0,2010-01-01,0,96.0,en,Gutter King,"[{'iso_639_1': 'en', 'name': 'English'}]",3.5,2,"[{'id': 28, 'name': 'Action'}]",/axnpA4Z0E3Q9tExqVKSmJ2GSdaN.jpg,"[{'id': 5750, 'logo_path': None, 'name': 'UFO Technologies', 'origin_country': ''}]"
153,112074,tt0285252,Life's a Beach,4000000,2010-01-01,0,100.0,pl,Life's a Beach,"[{'iso_639_1': 'en', 'name': 'English'}]",2.9,4,"[{'id': 35, 'name': 'Comedy'}]",/v4RlCWc0ixi2ON6HWcZftO7U2P2.jpg,[]
154,156937,tt1014799,Holy Wars,0,2010-01-01,0,60.0,en,Holy Wars,"[{'iso_639_1': 'en', 'name': 'English'}]",7.5,2,[],,[]
155,222624,tt1127897,True Nature,0,2010-01-01,0,90.0,en,True Nature,"[{'iso_639_1': 'en', 'name': 'English'}]",5.8,5,[],,[]
156,35241,tt1441941,Charlie Murphy: I Will Not Apologize,0,2010-01-01,0,63.0,en,Charlie Murphy: I Will Not Apologize,"[{'iso_639_1': 'en', 'name': 'English'}]",5.5,6,"[{'id': 35, 'name': 'Comedy'}]",/5QrBdTrjd88NDYHIuaM4RqYxifE.jpg,[]
157,12125,tt1020559,Patagonia,0,2010-01-01,0,119.0,en,Patagonia,"[{'iso_639_1': 'en', 'name': 'English'}, {'iso_639_1': 'cy', 'name': 'Cymraeg'}, {'iso_639_1': 'es', 'name': 'Español'}, {'iso_639_1': 'pl', 'name': 'Polski'}]",4.8,6,"[{'id': 18, 'name': 'Drama'}, {'id': 12, 'name': 'Adventure'}]",/qBiUZQ9cOyvdFhuP11dRyfMHe4q.jpg,[]
158,53225,tt1640152,Morgan and Destiny's Eleventeenth Date: The Zeppelin Zoo,0,2010-01-01,0,7.0,en,Morgan and Destiny's Eleventeenth Date: The Zeppelin Zoo,"[{'iso_639_1': 'en', 'name': 'English'}]",6.3,12,"[{'id': 10749, 'name': 'Romance'}]",,"[{'id': 19386, 'logo_path': None, 'name': 'hitRECord.org', 'origin_country': ''}]"
159,63273,tt1230372,Endure,0,2010-01-01,0,91.0,en,Endure,"[{'iso_639_1': 'en', 'name': 'English'}]",7.8,4,"[{'id': 9648, 'name': 'Mystery'}, {'id': 53, 'name': 'Thriller'}]",/yKT1i0hqVgdW4ELmNyFpNJFE3GV.jpg,[]
160,74637,tt1401241,Madso's War,0,2010-12-30,0,86.0,en,Madso's War,"[{'iso_639_1': 'pt', 'name': 'Português'}]",5.8,5,"[{'id': 28, 'name': 'Action'}, {'id': 80, 'name': 'Crime'}]",/jGdhScGuwsvPA0on5Yon7ZadmSX.jpg,[]
161,166736,tt1561479,Eyes in the Dark,0,2010-01-01,0,78.0,en,Eyes in the Dark,"[{'iso_639_1': 'en', 'name': 'English'}]",3.9,7,"[{'id': 27, 'name': 'Horror'}]",,[]
162,327674,tt0490236,The Invited,0,2010-01-01,0,95.0,en,The Invited,"[{'iso_639_1': 'en', 'name': 'English'}]",3.4,8,"[{'id': 27, 'name': 'Horror'}]",,"[{'id': 50242, 'logo_path': None, 'name': 'Dark Portal LLC', 'origin_country': ''}]"
163,77826,tt1779492,The American Dream,0,2010-01-01,0,30.0,en,The American Dream,[],5.6,6,"[{'id': 18, 'name': 'Drama'}, {'id': 99, 'name': 'Documentary'}]",,[]
164,58291,tt1866255,The Battle for Marjah,0,2010-01-01,0,0.0,en,The Battle for Marjah,[],7.5,4,"[{'id': 99, 'name': 'Documentary'}]",/xkepeQCYSQqu3oHK7PRDTBkdxAX.jpg,[]
165,56104,tt1624385,Generation Zero,0,2010-01-01,0,0.0,en,Generation Zero,[],4.5,2,"[{'id': 99, 'name': 'Documentary'}]",,[]
166,52306,tt1220627,Hard Breakers,0,2010-01-01,0,98.0,en,Hard Breakers,"[{'iso_639_1': 'en', 'name': 'English'}]",3.7,17,"[{'id': 35, 'name': 'Comedy'}]",/bP9xWENh5AmxbKvlK8mrZPaLTAe.jpg,"[{'id': 65943, 'logo_path': None, 'name': 'Oceanfront Productions', 'origin_country': ''}]"
167,78369,tt1568332,Grey Skies,1500000,2010-01-01,0,0.0,en,Grey Skies,"[{'iso_639_1': 'en', 'name': 'English'}]",3.5,8,"[{'id': 53, 'name': 'Thriller'}, {'id': 878, 'name': 'Science Fiction'}]",,[]
168,71027,tt1640569,The Super,0,2010-01-01,0,98.0,en,The Super,"[{'iso_639_1': 'en', 'name': 'English'}]",6.3,3,"[{'id': 27, 'name': 'Horror'}]",/ptt9KtnVELIxQ9tgfDClOnQpQkQ.jpg,[]
169,281512,tt1617630,Daddy's Home,0,2010-01-01,0,90.0,en,Daddy's Home,[],6.0,2,[],/m85xIFmmCKUKcpQnWhcLihWqnev.jpg,[]
170,70636,tt1303782,Ghost from the Machine,0,2010-01-01,0,86.0,en,Ghost from the Machine,"[{'iso_639_1': 'en', 'name': 'English'}]",5.8,8,"[{'id': 53, 'name': 'Thriller'}, {'id': 878, 'name': 'Science Fiction'}]",/gm96A8xDtI6dmQ0HAtBnGCQD3MX.jpg,[]
171,60359,tt1232202,Nic & Tristan Go Mega Dega,500000,2010-01-01,0,86.0,en,Nic & Tristan Go Mega Dega,"[{'iso_639_1': 'en', 'name': 'English'}]",5.5,3,"[{'id': 10751, 'name': 'Family'}]",,"[{'id': 11129, 'logo_path': None, 'name': 'Skater Movie I', 'origin_country': ''}]"
172,93226,tt1319712,Exquisite Corpse,0,2010-01-01,0,97.0,en,Exquisite Corpse,"[{'iso_639_1': 'en', 'name': 'English'}]",5.5,4,"[{'id': 27, 'name': 'Horror'}]",/2Dgu4902pPyN8Jx5gWfa4XouXEB.jpg,[]
173,66157,tt1320334,GravyTrain,0,2010-01-01,0,0.0,en,GravyTrain,"[{'iso_639_1': 'en', 'name': 'English'}]",4.5,2,"[{'id': 35, 'name': 'Comedy'}]",,[]
174,45375,tt1308182,Wushu Warrior,0,2010-01-01,0,85.0,en,Wushu Warrior,[],4.5,6,"[{'id': 28, 'name': 'Action'}, {'id': 12, 'name': 'Adventure'}]",/ifLullF18abbPga5SN60JrKyBeE.jpg,[]
175,55879,tt1343110,Speed-Dating,0,2010-01-01,0,98.0,en,Speed-Dating,"[{'iso_639_1': 'en', 'name': 'English'}]",3.6,7,"[{'id': 35, 'name': 'Comedy'}, {'id': 18, 'name': 'Drama'}, {'id': 10749, 'name': 'Romance'}, {'id': 53, 'name': 'Thriller'}]",/1wou83qnk3xMri490IjqnTT4HW9.jpg,[]
176,60940,tt0844866,Killer by Nature,0,2010-01-01,0,90.0,en,Killer by Nature,"[{'iso_639_1': 'en', 'name': 'English'}]",2.5,2,"[{'id': 10749, 'name': 'Romance'}, {'id': 80, 'name': 'Crime'}, {'id': 18, 'name': 'Drama'}, {'id': 53, 'name': 'Thriller'}, {'id': 12, 'name': 'Adventure'}]",/eccCA9GXcDqFNmS5vFwP7frkmOk.jpg,"[{'id': 34458, 'logo_path': None, 'name': ""Daydreamin' Pictures"", 'origin_country': ''}]"
177,12216,tt1051253,The Portal,3500000,2010-01-01,0,83.0,en,The Portal,"[{'iso_639_1': 'en', 'name': 'English'}]",3.0,4,"[{'id': 27, 'name': 'Horror'}]",,"[{'id': 16078, 'logo_path': None, 'name': 'Rojak Films', 'origin_country': ''}, {'id': 22635, 'logo_path': None, 'name': 'Tiger Entertainment', 'origin_country': ''}]"
178,70048,tt1260357,To Fight For: The Year of Decision,0,2010-01-01,0,106.0,en,Friedensschlag - Das Jahr der Entscheidung,"[{'iso_639_1': 'de', 'name': 'Deutsch'}]",7.0,1,"[{'id': 18, 'name': 'Drama'}]",,[]
179,139406,tt1129396,Radio Free Albemuth,3600000,2010-01-01,0,110.0,en,Radio Free Albemuth,"[{'iso_639_1': 'en', 'name': 'English'}]",5.0,26,"[{'id': 18, 'name': 'Drama'}, {'id': 53, 'name': 'Thriller'}, {'id': 878, 'name': 'Science Fiction'}]",/6v8oqxTXu6BZAfoZKyQ2Sqjq2JJ.jpg,"[{'id': 16798, 'logo_path': None, 'name': 'Discovery Productions', 'origin_country': ''}]"
180,113544,tt1610478,Go Go Reject,0,2010-01-01,0,20.0,en,Go Go Reject,"[{'iso_639_1': 'en', 'name': 'English'}]",3.5,2,"[{'id': 35, 'name': 'Comedy'}, {'id': 10402, 'name': 'Music'}]",,[]
181,49504,tt1109582,A Day Of Violence,0,2010-01-01,0,91.0,en,A Day Of Violence,"[{'iso_639_1': 'en', 'name': 'English'}]",4.4,5,"[{'id': 80, 'name': 'Crime'}, {'id': 53, 'name': 'Thriller'}]",/xpfua0WnENcdpmnUDX5v7Ld1bV4.jpg,"[{'id': 11504, 'logo_path': None, 'name': 'Giallo Films', 'origin_country': ''}]"
182,117702,tt1567752,Bedfellows,0,2010-01-01,0,15.0,en,Bedfellows,"[{'iso_639_1': 'en', 'name': 'English'}]",1.0,1,"[{'id': 18, 'name': 'Drama'}, {'id': 35, 'name': 'Comedy'}]",/AgJM2ZM8cqTTIMrfVntBYEL3zOJ.jpg,[]
183,89369,tt1674769,Ashes,0,2010-09-09,0,95.0,en,Ashes,[],5.2,5,"[{'id': 27, 'name': 'Horror'}, {'id': 878, 'name': 'Science Fiction'}, {'id': 53, 'name': 'Thriller'}]",/418o6XhqU8GlbYY34F1oLYEdOvS.jpg,[]
184,103970,tt1706365,Feeding Frenzy,0,2010-01-01,0,87.0,en,Feeding Frenzy,"[{'iso_639_1': 'en', 'name': 'English'}]",6.2,9,"[{'id': 35, 'name': 'Comedy'}, {'id': 27, 'name': 'Horror'}]",/7Y1iIpXl8MwxlMdlxojIojqsyCk.jpg,"[{'id': 15886, 'logo_path': None, 'name': 'Red Letter Media', 'origin_country': ''}]"
185,38746,tt1063327,Bare Knuckles,0,2010-01-01,0,0.0,en,Bare Knuckles,"[{'iso_639_1': 'en', 'name': 'English'}]",3.5,4,"[{'id': 28, 'name': 'Action'}, {'id': 12, 'name': 'Adventure'}, {'id': 18, 'name': 'Drama'}, {'id': 53, 'name': 'Thriller'}]",/vvGUEbRTiUYfOiOdEooTOmi8TRt.jpg,[]
186,34203,tt1251735,Justin Time,0,2010-01-01,0,95.0,en,Justin Time,[],7.0,1,"[{'id': 12, 'name': 'Adventure'}, {'id': 14, 'name': 'Fantasy'}, {'id': 28, 'name': 'Action'}, {'id': 878, 'name': 'Science Fiction'}, {'id': 10751, 'name': 'Family'}]",,[]
187,43954,tt1332119,Shoot the Hero,0,2010-01-01,0,81.0,en,Shoot the Hero,"[{'iso_639_1': 'en', 'name': 'English'}]",3.5,12,"[{'id': 28, 'name': 'Action'}, {'id': 35, 'name': 'Comedy'}]",/bXz4mFu0LLlVxNv96ODSLsAWecv.jpg,[]
188,26214,tt1595473,The American Matrix - Age Of Deception,5000,2010-01-01,0,120.0,en,The American Matrix - Age Of Deception,"[{'iso_639_1': 'en', 'name': 'English'}]",5.0,9,"[{'id': 99, 'name': 'Documentary'}]",,[]
189,45780,tt1596352,I Am Slave,0,2010-01-01,0,82.0,en,I Am Slave,"[{'iso_639_1': 'en', 'name': 'English'}]",6.5,22,"[{'id': 18, 'name': 'Drama'}, {'id': 53, 'name': 'Thriller'}]",/gvzq7hEbc5KCZdlF4t67YwlNj7o.jpg,[]
190,60264,tt1221867,Urgency,0,2010-01-01,0,0.0,en,Urgency,"[{'iso_639_1': 'de', 'name': 'Deutsch'}]",1.9,4,"[{'id': 28, 'name': 'Action'}, {'id': 12, 'name': 'Adventure'}, {'id': 53, 'name': 'Thriller'}]",,"[{'id': 60814, 'logo_path': None, 'name': 'Apollo Pro Movie', 'origin_country': ''}]"
191,50606,tt1285219,Ghosts Don't Exist,250000,2010-01-01,0,99.0,en,Ghosts Don't Exist,"[{'iso_639_1': 'en', 'name': 'English'}]",4.3,6,"[{'id': 27, 'name': 'Horror'}, {'id': 53, 'name': 'Thriller'}]",,"[{'id': 94433, 'logo_path': None, 'name': 'EastWest Films', 'origin_country': 'US'}, {'id': 94432, 'logo_path': None, 'name': '19th & Wilson', 'origin_country': 'US'}]"
192,134825,tt1414374,Sophie & Sheba,0,2010-01-01,0,103.0,en,Sophie,"[{'iso_639_1': 'en', 'name': 'English'}]",6.1,4,"[{'id': 10751, 'name': 'Family'}]",/di6FGooj2fuooVQsAf4iCNSKc52.jpg,"[{'id': 57706, 'logo_path': None, 'name': 'Georgeville Films', 'origin_country': ''}, {'id': 36613, 'logo_path': None, 'name': 'Knightscove Entertainment', 'origin_country': ''}]"
193,62948,tt1390533,Bedrooms,0,2010-01-01,0,85.0,en,Bedrooms,[],3.6,8,"[{'id': 18, 'name': 'Drama'}, {'id': 10749, 'name': 'Romance'}]",,[]
194,151409,tt1823756,The Majestic Plastic Bag,0,2010-01-01,0,4.0,en,The Majestic Plastic Bag,[],7.7,3,[],,[]
195,27485,,Megaconda,200000,2010-01-01,0,0.0,en,Megaconda,"[{'iso_639_1': 'en', 'name': 'English'}]",4.0,3,"[{'id': 878, 'name': 'Science Fiction'}, {'id': 27, 'name': 'Horror'}]",/s8CjFVGuegZB3ZT7SO4YVt12u4f.jpg,"[{'id': 4681, 'logo_path': None, 'name': 'Retromedia Entertainment', 'origin_country': 'US'}]"
196,50198,tt1073246,See You in September,0,2010-01-01,0,91.0,en,See You in September,"[{'iso_639_1': 'en', 'name': 'English'}]",4.6,15,"[{'id': 35, 'name': 'Comedy'}, {'id': 10749, 'name': 'Romance'}]",/nlL2qgqMkshVyN0gLjBKGjAPkqL.jpg,[]
197,34640,tt0903036,Westbrick Murders,0,2010-01-01,0,90.0,en,Westbrick Murders,"[{'iso_639_1': 'de', 'name': 'Deutsch'}]",3.5,4,"[{'id': 27, 'name': 'Horror'}, {'id': 28, 'name': 'Action'}, {'id': 53, 'name': 'Thriller'}]",/hrFo31QrqGbW88qGAcJZc0a2VcO.jpg,"[{'id': 8107, 'logo_path': None, 'name': 'Revolver Films', 'origin_country': ''}]"
198,273565,tt2220696,Killer Clown,0,2010-01-01,0,79.0,en,Killer Clown,"[{'iso_639_1': 'en', 'name': 'English'}]",2.2,3,"[{'id': 53, 'name': 'Thriller'}, {'id': 27, 'name': 'Horror'}, {'id': 28, 'name': 'Action'}]",,[]
199,197784,tt1788349,Alice in Nephernalia,0,2010-01-01,0,69.0,en,Alice in Nephernalia,[],2.0,1,"[{'id': 18, 'name': 'Drama'}, {'id': 14, 'name': 'Fantasy'}, {'id': 35, 'name': 'Comedy'}]",,[]
200,142709,tt1778346,The Last Vampire On Earth,250000,2010-01-01,0,80.0,en,The Last Vampire On Earth,"[{'iso_639_1': 'en', 'name': 'English'}]",2.0,1,"[{'id': 27, 'name': 'Horror'}]",/dBvQ2VmawYVRfmmDrRQ8VCIuAoQ.jpg,[]
201,80298,tt1332106,The Last Harbor,0,2010-01-01,0,91.0,en,The Last Harbor,[],4.3,5,"[{'id': 80, 'name': 'Crime'}, {'id': 53, 'name': 'Thriller'}, {'id': 9648, 'name': 'Mystery'}]",,[]
202,62904,tt1577055,Mask Maker,0,2011-01-01,0,90.0,en,Mask Maker,"[{'iso_639_1': 'en', 'name': 'English'}]",5.4,20,"[{'id': 27, 'name': 'Horror'}]",/7XhIaHsFNjj8HpFCL00u6jtQg5y.jpg,[]
203,135330,tt1753774,Embracing Chaos: Making the African Queen,0,2010-01-01,0,59.0,en,Embracing Chaos: Making the African Queen,"[{'iso_639_1': 'en', 'name': 'English'}]",6.5,6,"[{'id': 99, 'name': 'Documentary'}]",/22fHDS6EzIAZxL4vKHeMASak8DW.jpg,"[{'id': 11354, 'logo_path': None, 'name': 'Sparkhill Production', 'origin_country': ''}, {'id': 4, 'logo_path': '/fycMZt242LVjagMByZOLUGbCvv3.png', 'name': 'Paramount', 'origin_country': 'US'}]"
204,69940,tt1645042,Chihuahua: The Movie,0,2010-01-01,0,89.0,en,Chihuahua: The Movie,"[{'iso_639_1': 'en', 'name': 'English'}]",5.5,6,"[{'id': 10751, 'name': 'Family'}]",/fdFMXUziyGKX8kSlj7ohSzdkovW.jpg,[]
205,33035,tt1139319,A Film with Me in It,0,2008-10-17,0,89.0,en,A Film with Me in It,"[{'iso_639_1': 'en', 'name': 'English'}]",5.9,45,"[{'id': 35, 'name': 'Comedy'}, {'id': 53, 'name': 'Thriller'}, {'id': 9648, 'name': 'Mystery'}]",/r27C9EOWS8Kbwp8DSf1nNKrzesL.jpg,"[{'id': 5122, 'logo_path': None, 'name': 'Parallel Films', 'origin_country': 'IE'}, {'id': 1898, 'logo_path': '/8ix6SGlJiyuUDxLBtY8E0PY2G7w.png', 'name': 'Screen Ireland', 'origin_country': 'IE'}]"
206,118046,tt1845776,Anaconda: Queen of the Serpents,0,2010-01-01,0,60.0,en,Anaconda: Queen of the Serpents,"[{'iso_639_1': 'en', 'name': 'English'}]",5.3,3,[],,[]
207,96271,tt1650412,If A Tree Falls,0,2010-01-01,0,84.0,en,If A Tree Falls,"[{'iso_639_1': 'en', 'name': 'English'}]",2.0,3,"[{'id': 27, 'name': 'Horror'}, {'id': 53, 'name': 'Thriller'}]",/sLLvSwJz5MOzPI2LTWhUQJhJIGs.jpg,[]
208,65861,tt1736251,Death Hunter,0,2010-01-01,0,91.0,en,Death Hunter,"[{'iso_639_1': 'en', 'name': 'English'}]",2.3,3,"[{'id': 27, 'name': 'Horror'}]",/hFCJHLULhgQ1uDdksgAhRHbHfNC.jpg,[]
209,29465,tt1592191,"Sex, Drugs & Religion",5000,2010-01-01,0,72.0,en,"Sex, Drugs & Religion","[{'iso_639_1': 'en', 'name': 'English'}]",6.8,3,"[{'id': 35, 'name': 'Comedy'}, {'id': 99, 'name': 'Documentary'}]",,[]
210,354661,tt1324060,Jack's Family Adventure,2000000,2010-01-01,0,0.0,en,Jack's Family Adventure,"[{'iso_639_1': 'en', 'name': 'English'}]",7.9,7,"[{'id': 10770, 'name': 'TV Movie'}, {'id': 12, 'name': 'Adventure'}, {'id': 10751, 'name': 'Family'}]",,"[{'id': 3282, 'logo_path': None, 'name': 'Larry Levinson Productions', 'origin_country': 'US'}]"
211,39572,tt1624413,Zombie Apocalypse,0,2010-01-01,0,90.0,en,Zombie Apocalypse,"[{'iso_639_1': 'en', 'name': 'English'}]",4.4,4,"[{'id': 27, 'name': 'Horror'}, {'id': 878, 'name': 'Science Fiction'}]",/zltmqcCgJY5KsmVlrgr2nezCXXD.jpg,[]
212,103667,tt1193626,Murder by Proxy:  How America Went Postal,0,2010-01-01,0,0.0,en,Murder by Proxy:  How America Went Postal,"[{'iso_639_1': 'en', 'name': 'English'}]",7.7,3,"[{'id': 99, 'name': 'Documentary'}]",,[]
213,32904,tt1120945,Tony,0,2010-02-05,0,76.0,en,Tony,"[{'iso_639_1': 'en', 'name': 'English'}]",6.0,43,"[{'id': 27, 'name': 'Horror'}, {'id': 18, 'name': 'Drama'}, {'id': 53, 'name': 'Thriller'}]",/txWCQcyLyPQVUWHhbXucGBS35gR.jpg,"[{'id': 85309, 'logo_path': None, 'name': 'Dan McCulloch Productions', 'origin_country': ''}, {'id': 13460, 'logo_path': None, 'name': 'Chump Films', 'origin_country': ''}, {'id': 13458, 'logo_path': None, 'name': 'AbbottVision', 'origin_country': 'GB'}]"
214,114219,tt1844777,Straight to Hell Returns,0,2010-01-01,0,91.0,en,Straight to Hell Returns,"[{'iso_639_1': 'en', 'name': 'English'}]",4.5,2,"[{'id': 37, 'name': 'Western'}]",/bf80cW4m89QuvPfbrA0g1EGlLNh.jpg,[]
215,77259,tt1583743,Jews and Baseball: An American Love Story,0,2010-01-01,0,91.0,en,Jews and Baseball: An American Love Story,[],6.0,2,"[{'id': 99, 'name': 'Documentary'}]",/Ae7qXivsEzT5Enko39LppTApoFL.jpg,[]
216,64159,tt1888516,Boathouse Detectives,0,2010-01-01,0,84.0,en,Boathouse Detectives,"[{'iso_639_1': 'en', 'name': 'English'}]",7.3,3,"[{'id': 10751, 'name': 'Family'}]",/oYJHWBG9fGvqJJlsBo38civGHMN.jpg,[]
217,44609,,Mono: Holy Ground,0,2010-01-01,0,86.0,en,Mono: Holy Ground,[],5.3,2,"[{'id': 99, 'name': 'Documentary'}, {'id': 10402, 'name': 'Music'}]",,[]
218,61170,,Symbolic - The Ultimate Death Tribute,0,2010-01-01,0,120.0,en,Symbolic - The Ultimate Death Tribute,[],4.8,2,"[{'id': 10402, 'name': 'Music'}]",,[]
219,462493,tt1648035,Chronological Order,0,2010-01-01,0,95.0,en,Chronological Order,"[{'iso_639_1': 'en', 'name': 'English'}]",7.0,1,"[{'id': 878, 'name': 'Science Fiction'}]",/mMDLdXHByOKmKdOxXINXlLgQOSc.jpg,[]
220,49528,tt1508011,American Jihadist,0,2010-01-01,0,68.0,en,American Jihadist,"[{'iso_639_1': 'en', 'name': 'English'}]",4.7,3,"[{'id': 99, 'name': 'Documentary'}]",,"[{'id': 18656, 'logo_path': None, 'name': 'Breaking Glass Pictures', 'origin_country': 'US'}, {'id': 132047, 'logo_path': None, 'name': 'A Hype Media Production', 'origin_country': 'US'}]"
221,81646,tt1674246,Marathon Boy,0,2010-01-01,0,98.0,en,Marathon Boy,[],7.0,5,"[{'id': 99, 'name': 'Documentary'}]",,[]
222,152508,tt1847591,Fortune Teller,0,2010-01-01,0,157.0,en,Suan Ming,"[{'iso_639_1': 'zh', 'name': '普通话'}]",8.7,3,"[{'id': 99, 'name': 'Documentary'}]",,[]
223,155711,tt1785279,After-Life,0,2010-01-01,0,0.0,en,After-Life,"[{'iso_639_1': 'en', 'name': 'English'}]",5.6,24,"[{'id': 18, 'name': 'Drama'}]",/xAS6IC4fydLmEi0DaW7UpVZ1Eim.jpg,[]
224,52499,tt1252507,The Way Home,0,2010-01-01,0,89.0,en,The Way Home,"[{'iso_639_1': 'en', 'name': 'English'}]",5.8,14,"[{'id': 18, 'name': 'Drama'}, {'id': 10751, 'name': 'Family'}, {'id': 10749, 'name': 'Romance'}]",/pjqicglWhNWdBWbxr8VUu6W1JHX.jpg,[]
225,73085,tt0884214,Wreckage,0,2010-01-01,0,87.0,en,Wreckage,"[{'iso_639_1': 'en', 'name': 'English'}, {'iso_639_1': 'de', 'name': 'Deutsch'}]",3.9,14,"[{'id': 27, 'name': 'Horror'}, {'id': 53, 'name': 'Thriller'}]",/e37ScWw4qkWDHX7WBbH303N5TnZ.jpg,"[{'id': 30591, 'logo_path': None, 'name': 'Xanthus Pictures', 'origin_country': ''}]"
226,37860,tt1569369,D.C. Sniper,0,2010-01-01,0,92.0,en,D.C. Sniper,"[{'iso_639_1': 'en', 'name': 'English'}]",2.1,5,"[{'id': 28, 'name': 'Action'}, {'id': 80, 'name': 'Crime'}, {'id': 53, 'name': 'Thriller'}]",/vZnoxmTP6Xt1SHFkCHEJdLXeJXN.jpg,"[{'id': 4863, 'logo_path': None, 'name': 'Hollywood House of Horror', 'origin_country': ''}]"
227,60961,tt1723111,Held Up,0,2010-01-01,0,0.0,en,Held Up,[],4.0,5,"[{'id': 35, 'name': 'Comedy'}]",/sE9XWNeWB766n3UnmXJNF1Oe52e.jpg,[]
228,68712,tt1247400,The Lazarus Papers,0,2009-12-31,0,90.0,en,The Lazarus Papers,"[{'iso_639_1': 'en', 'name': 'English'}]",4.3,11,"[{'id': 18, 'name': 'Drama'}, {'id': 28, 'name': 'Action'}, {'id': 53, 'name': 'Thriller'}, {'id': 878, 'name': 'Science Fiction'}]",/kaHippEnqztEl0GeZsJMrcX2AKz.jpg,"[{'id': 7583, 'logo_path': None, 'name': 'Lunaflux Productions', 'origin_country': ''}]"
229,111700,tt2604330,Justin Bieber - This Is My World,0,2010-01-01,0,85.0,en,Justin Bieber - This Is My World,"[{'iso_639_1': 'en', 'name': 'English'}]",5.0,4,[],,[]
230,57081,tt1659261,Whitney Cummings: Money Shot,0,2010-01-01,0,48.0,en,Whitney Cummings: Money Shot,"[{'iso_639_1': 'en', 'name': 'English'}]",6.0,16,"[{'id': 35, 'name': 'Comedy'}]",/eYC1Xjr4clSnjEXBQ7XG6mPtAzw.jpg,"[{'id': 2953, 'logo_path': '/Af2CjGqFS1gVCezvOlcSw41nwWJ.png', 'name': 'New Wave Entertainment', 'origin_country': 'US'}]"
231,81902,,Gary Moore: Live At Montreux 2010,0,2010-01-01,0,119.0,en,Gary Moore: Live At Montreux 2010,"[{'iso_639_1': 'en', 'name': 'English'}]",5.7,3,"[{'id': 10402, 'name': 'Music'}]",/dMtzIhLsnSXeyACcdpMtuga5yxj.jpg,[]
232,99328,tt1412697,BIOPHAGE,0,2010-01-01,0,72.0,en,Biophage,"[{'iso_639_1': 'en', 'name': 'English'}]",3.7,3,"[{'id': 27, 'name': 'Horror'}]",,[]
233,69854,tt1529564,Playing House,0,2011-02-25,0,84.0,en,Playing House,"[{'iso_639_1': 'en', 'name': 'English'}]",4.9,7,"[{'id': 53, 'name': 'Thriller'}]",/fJcA2JXcQYuChpdk4pQdxFbWf5r.jpg,[]
234,48255,tt1460639,Journey to Promethea,0,2010-01-01,0,83.0,en,Journey to Promethea,"[{'iso_639_1': 'en', 'name': 'English'}]",2.0,6,"[{'id': 28, 'name': 'Action'}, {'id': 14, 'name': 'Fantasy'}, {'id': 878, 'name': 'Science Fiction'}]",/t7jksGk7MEhT7xaVcRTh3EhbaEO.jpg,[]
235,74579,tt1592247,Blessed and Cursed,0,2010-01-01,0,101.0,en,Blessed & Cursed,"[{'iso_639_1': 'en', 'name': 'English'}]",8.0,2,[],/WTdbzl9CwoAbvg3QT6MPflolbt.jpg,[]
236,120044,tt1541699,Deleted Scenes,0,2010-01-01,0,90.0,en,Deleted Scenes,"[{'iso_639_1': 'en', 'name': 'English'}]",4.0,4,"[{'id': 18, 'name': 'Drama'}]",/fVUDKFXTEdniBsyZXxev4l6BIK6.jpg,[]
237,28596,tt1237961,Silent But Deadly,0,2010-01-01,0,80.0,en,Silent But Deadly,"[{'iso_639_1': 'en', 'name': 'English'}]",3.8,9,"[{'id': 35, 'name': 'Comedy'}, {'id': 27, 'name': 'Horror'}]",/1lMlUTjTp3H7iFmL3Y1BKxl6gpx.jpg,"[{'id': 4846, 'logo_path': None, 'name': 'Michael Patrick Entertainment', 'origin_country': ''}]"
238,123271,tt1481574,Refuge,0,2010-01-01,0,121.0,en,Refuge,"[{'iso_639_1': 'en', 'name': 'English'}]",5.0,2,"[{'id': 18, 'name': 'Drama'}, {'id': 10749, 'name': 'Romance'}]",/bYOnO8eQONpSedJzg6zuvQizfrr.jpg,[]
239,109030,tt1240539,Corruption.Gov,5,2010-01-01,0,88.0,en,Corruption.Gov,"[{'iso_639_1': 'de', 'name': 'Deutsch'}]",3.5,2,"[{'id': 53, 'name': 'Thriller'}]",/sivNgKgtf6Iob6Hypo94yPctEwJ.jpg,[]
240,40428,tt1484522,8: The Mormon Proposition,0,2010-01-01,0,80.0,en,8: The Mormon Proposition,"[{'iso_639_1': 'en', 'name': 'English'}]",6.1,15,"[{'id': 99, 'name': 'Documentary'}]",/5bWEgY8kgjVwMWJ3ydD2jpOq5wP.jpg,[]
241,24392,tt1391579,The Dark Lurking,1000000,2010-01-01,0,96.0,en,The Dark Lurking,"[{'iso_639_1': 'en', 'name': 'English'}, {'iso_639_1': 'pl', 'name': 'Polski'}]",3.4,19,"[{'id': 28, 'name': 'Action'}, {'id': 27, 'name': 'Horror'}, {'id': 878, 'name': 'Science Fiction'}]",/oa0Lm0OhoNvmu9nEeJMvDKZXtU6.jpg,"[{'id': 41247, 'logo_path': None, 'name': 'Left Films', 'origin_country': ''}, {'id': 24734, 'logo_path': None, 'name': 'Filmwerx77', 'origin_country': ''}]"
242,268947,tt1486823,The Basement,0,2010-01-01,0,,en,The Basement,[],1.5,2,[],,[]
243,63478,tt1474859,Slimed,0,2010-01-01,0,55.0,en,Slimed,[],7.0,1,"[{'id': 28, 'name': 'Action'}, {'id': 12, 'name': 'Adventure'}]",,[]
244,51488,tt1286146,Full Love,5000000,2010-01-01,0,108.0,en,Full Love,"[{'iso_639_1': 'en', 'name': 'English'}]",10.0,2,"[{'id': 28, 'name': 'Action'}, {'id': 80, 'name': 'Crime'}, {'id': 18, 'name': 'Drama'}, {'id': 53, 'name': 'Thriller'}]",/3cuj2N3P9TGpWn87vciyLJRLMYx.jpg,"[{'id': 23283, 'logo_path': None, 'name': 'Rodin Entertainment', 'origin_country': ''}]"
245,30510,tt1568802,As Night Falls,0,2010-01-01,0,0.0,en,As Night Falls,"[{'iso_639_1': 'en', 'name': 'English'}]",3.0,6,"[{'id': 27, 'name': 'Horror'}, {'id': 28, 'name': 'Action'}]",/9MfmOVyCNHhMCQxB0CdK6RGO91v.jpg,"[{'id': 51716, 'logo_path': None, 'name': 'SchröderMedia', 'origin_country': ''}]"
246,101336,,Crusty Demons 15: Blood Sweat & Fears,0,2010-01-01,0,47.0,en,Crusty Demons 15: Blood Sweat & Fears,"[{'iso_639_1': 'en', 'name': 'English'}]",7.5,1,"[{'id': 99, 'name': 'Documentary'}]",,"[{'id': 3420, 'logo_path': None, 'name': 'Fleshwound Films', 'origin_country': ''}]"
247,58493,tt1262958,A Small Act,0,2010-01-01,0,88.0,en,A Small Act,"[{'iso_639_1': 'ki', 'name': ''}, {'iso_639_1': 'en', 'name': 'English'}, {'iso_639_1': 'sw', 'name': 'Kiswahili'}, {'iso_639_1': 'sv', 'name': 'svenska'}]",8.0,2,"[{'id': 99, 'name': 'Documentary'}]",,[]
248,105436,tt1531908,Dad's Home,0,2010-06-19,0,84.0,en,Dad's Home,"[{'iso_639_1': 'en', 'name': 'English'}]",6.0,3,[],/pninqyZVS7zoR6mMDpIk0FlzX3e.jpg,[]
249,83207,tt1520973,Kati with an I,0,2010-01-01,0,86.0,en,Kati with an I,"[{'iso_639_1': 'en', 'name': 'English'}]",7.0,4,"[{'id': 99, 'name': 'Documentary'}]",,[]
250,53317,tt1650461,WebSiteStory,0,2010-01-01,0,82.0,en,WebSiteStory,"[{'iso_639_1': 'ro', 'name': 'Română'}]",5.5,4,"[{'id': 28, 'name': 'Action'}, {'id': 18, 'name': 'Drama'}]",,[]
251,179672,tt1540772,Atomic Brain Invasion,0,2010-01-01,0,90.0,en,Atomic Brain Invasion,[],6.0,1,"[{'id': 878, 'name': 'Science Fiction'}, {'id': 35, 'name': 'Comedy'}, {'id': 27, 'name': 'Horror'}]",,"[{'id': 22526, 'logo_path': None, 'name': 'Scorpio Film Releasing', 'origin_country': ''}]"
252,27004,tt1106860,Ca$h,7000000,2010-01-01,46488,108.0,en,Ca$h,"[{'iso_639_1': 'en', 'name': 'English'}, {'iso_639_1': 'fr', 'name': 'Français'}]",5.8,135,"[{'id': 80, 'name': 'Crime'}, {'id': 53, 'name': 'Thriller'}, {'id': 35, 'name': 'Comedy'}, {'id': 9648, 'name': 'Mystery'}]",/8wh25GwfGZoYpNf3UkRqPcJuFgp.jpg,"[{'id': 4624, 'logo_path': None, 'name': 'Immortal Thoughts', 'origin_country': ''}, {'id': 22712, 'logo_path': None, 'name': 'Three Good Men', 'origin_country': ''}]"
253,323819,,UFOTV Presents: Pulp Fiction: The Golden Age of Storytelling,0,2010-01-01,0,0.0,en,UFOTV Presents: Pulp Fiction: The Golden Age of Storytelling,[],4.0,1,[],,[]
254,172702,tt1754296,OJ Simpson: Monster or Myth?,0,2010-01-01,0,51.0,en,OJ Simpson: Monster or Myth?,[],6.0,2,[],,[]
255,157876,tt1739188,John's Gone,0,2010-01-01,0,22.0,en,John's Gone,"[{'iso_639_1': 'en', 'name': 'English'}]",4.8,4,"[{'id': 35, 'name': 'Comedy'}]",/iRry6FZMMxxIkCmogsP36dUDwd1.jpg,"[{'id': 44643, 'logo_path': None, 'name': 'Red Bucket Films', 'origin_country': ''}]"
256,291643,tt1786724,The Stone: No Soul Unturned,0,2010-01-01,0,89.0,en,The Stone: No Soul Unturned,"[{'iso_639_1': 'en', 'name': 'English'}]",1.0,1,"[{'id': 27, 'name': 'Horror'}, {'id': 9648, 'name': 'Mystery'}, {'id': 53, 'name': 'Thriller'}]",,"[{'id': 73041, 'logo_path': None, 'name': 'Reality Films', 'origin_country': ''}, {'id': 73042, 'logo_path': None, 'name': 'Chalk Productions', 'origin_country': ''}]"
257,159598,tt1792101,"La bani, la cap, la oase",0,2010-01-01,3545,104.0,ro,"La bani, la cap, la oase","[{'iso_639_1': 'ro', 'name': 'Română'}]",5.5,2,"[{'id': 28, 'name': 'Action'}, {'id': 35, 'name': 'Comedy'}]",,"[{'id': 2468, 'logo_path': None, 'name': 'Domino Film', 'origin_country': ''}]"
258,61724,tt1664825,Reparando,0,2010-01-01,0,0.0,en,Reparando,[],7.0,3,[],,[]
259,258864,tt1481573,Nothing Special,0,2010-01-01,0,99.0,en,Nothing Special,"[{'iso_639_1': 'en', 'name': 'English'}]",4.0,1,"[{'id': 35, 'name': 'Comedy'}, {'id': 18, 'name': 'Drama'}]",/4IPl2xVL0eOvdoYgwC5Y8X5Jdbg.jpg,[]
260,61870,tt1393737,Billy Owens and the Secret of the Runes,0,2010-01-01,0,81.0,en,Billy Owens and the Secret of the Runes,"[{'iso_639_1': 'en', 'name': 'English'}]",7.0,1,"[{'id': 12, 'name': 'Adventure'}, {'id': 10751, 'name': 'Family'}, {'id': 14, 'name': 'Fantasy'}, {'id': 878, 'name': 'Science Fiction'}]",/soDINUH0kcm6FwlAyL5WlcLUKxL.jpg,"[{'id': 12706, 'logo_path': None, 'name': 'Skylight Films', 'origin_country': ''}, {'id': 2096, 'logo_path': None, 'name': 'Artist View Entertainment', 'origin_country': ''}, {'id': 74318, 'logo_path': None, 'name': 'Mystical Films', 'origin_country': ''}]"
261,113366,tt1754549,Strangers No More,0,2010-01-01,0,40.0,en,Strangers No More,[],7.0,5,"[{'id': 99, 'name': 'Documentary'}]",,[]
262,423971,tt2049386,Alice in Wonderland,0,2010-01-01,0,99.0,en,Alice in Wonderland,[],6.0,1,[],,[]
263,165164,tt1651138,Lazy Teenage Superheroes,300,2010-01-01,0,13.0,en,Lazy Teenage Superheroes,[],6.0,1,[],,[]
264,425076,tt1720219,Sharp Edge Blunt,0,2010-03-23,0,2.0,en,Sharp Edge Blunt,[],6.0,1,[],,[]
265,341056,tt1723021,How to Rid Your Lover of a Negative Emotion Caused by You!,0,2010-01-01,0,15.0,en,How to Rid Your Lover of a Negative Emotion Caused by You!,[],5.3,3,[],,[]
266,360418,tt1849715,After The Credits,0,2010-01-01,0,15.0,en,After The Credits,"[{'iso_639_1': 'en', 'name': 'English'}]",1.0,1,"[{'id': 10749, 'name': 'Romance'}, {'id': 35, 'name': 'Comedy'}]",/lReUXWUHmcUZXHuj3PqOsXfDT1n.jpg,[]
267,93971,,Ana Popovic Band: An Evening At Trasimeno Lake,0,2010-01-01,0,0.0,en,Ana Popovic Band: An Evening At Trasimeno Lake,[],5.5,1,"[{'id': 10402, 'name': 'Music'}]",,[]
268,113377,tt1558952,Freedom Riders,0,2010-01-01,0,117.0,en,Freedom Riders,[],7.2,5,"[{'id': 99, 'name': 'Documentary'}, {'id': 36, 'name': 'History'}]",,[]
269,416277,tt1733564,Liquid Memories,0,2010-01-01,0,32.0,en,Liquid Memories,"[{'iso_639_1': 'en', 'name': 'English'}]",6.0,1,"[{'id': 16, 'name': 'Animation'}, {'id': 27, 'name': 'Horror'}]",,"[{'id': 69689, 'logo_path': None, 'name': 'Draconian Films', 'origin_country': ''}, {'id': 81448, 'logo_path': None, 'name': 'chainsaw kiss', 'origin_country': ''}]"
270,217523,tt3223288,Two Cabins,0,2010-01-01,0,31.0,en,Two Cabins,[],6.0,2,[],,[]
271,72708,,My Eyes Won't Dry 2 - Tube Vision,0,2010-01-01,0,0.0,en,My Eyes Won't Dry 2 - Tube Vision,[],4.3,2,[],,[]
272,52058,tt1196672,The Nature of Existence,0,2010-01-01,0,94.0,en,The Nature of Existence,"[{'iso_639_1': 'en', 'name': 'English'}]",6.0,4,"[{'id': 99, 'name': 'Documentary'}]",/d1kFtLNNHlHGOUNwtPZeMdUism5.jpg,[]
273,82683,tt1426355,Beer Pong Saved My Life,0,2010-01-01,0,,en,Beer Pong Saved My Life,"[{'iso_639_1': 'en', 'name': 'English'}]",6.0,1,"[{'id': 35, 'name': 'Comedy'}]",,[]
274,396260,tt1754597,The Bowler,0,2010-01-01,0,14.0,en,The Bowler,"[{'iso_639_1': 'en', 'name': 'English'}]",6.0,2,"[{'id': 99, 'name': 'Documentary'}]",,"[{'id': 44699, 'logo_path': None, 'name': 'Very Ape Productions', 'origin_country': ''}]"
275,64094,tt1540449,Slow Moe,0,2010-01-01,0,90.0,en,Slow Moe,[],5.0,1,"[{'id': 10751, 'name': 'Family'}]",,[]
276,458712,tt1666350,Final Revision,0,2010-01-01,0,14.0,en,Final Revision,[],6.0,2,"[{'id': 53, 'name': 'Thriller'}, {'id': 18, 'name': 'Drama'}, {'id': 9648, 'name': 'Mystery'}]",/bpwuQqIZXK1g4KCP3p1MK9T94Xb.jpg,[]
277,42948,tt1461302,What's Up Lovely,0,2010-01-01,0,0.0,en,What's Up Lovely,[],5.0,1,"[{'id': 18, 'name': 'Drama'}]",,[]
278,341630,,Arcana,0,2010-01-01,0,30.0,en,Arcana,[],6.0,1,[],,[]
279,530155,tt1510986,Strip Club Slasher,12000,2010-01-01,0,99.0,en,Strip Club Slasher,"[{'iso_639_1': 'en', 'name': 'English'}]",1.0,1,"[{'id': 35, 'name': 'Comedy'}, {'id': 80, 'name': 'Crime'}, {'id': 27, 'name': 'Horror'}, {'id': 9648, 'name': 'Mystery'}, {'id': 53, 'name': 'Thriller'}]",/zLgK9dTGEyaoEnQPgjgDwLPHJlP.jpg,"[{'id': 105651, 'logo_path': None, 'name': 'Not For The Squeamish Productions', 'origin_country': ''}]"
280,329955,tt2165819,H.R. Giger's Art in Motion,0,2010-01-01,0,30.0,en,H.R. Giger's Art in Motion,"[{'iso_639_1': 'en', 'name': 'English'}]",6.0,1,"[{'id': 99, 'name': 'Documentary'}]",,"[{'id': 48336, 'logo_path': None, 'name': 'Naked Dog', 'origin_country': 'CZ'}, {'id': 7133, 'logo_path': '/fEZKg40QDm0CjA2FeDFXArJmzfv.png', 'name': 'Deep Side Production', 'origin_country': 'CZ'}]"
281,325763,tt1836885,Peaceforce,0,2010-01-01,0,,en,Peaceforce,[],6.0,2,[],,[]
282,405320,tt1808340,Not Just a Game,0,2010-01-01,0,62.0,en,Not Just a Game,"[{'iso_639_1': 'en', 'name': 'English'}]",7.0,2,[],,[]
283,518951,tt1796513,The White Day,0,2010-01-01,0,71.0,en,Id,"[{'iso_639_1': 'en', 'name': 'English'}]",5.0,2,"[{'id': 9648, 'name': 'Mystery'}]",/4b4ZObEXwq8GM7dg9KHa8esPJe4.jpg,[]
284,341083,tt1673499,The High Level Bridge,0,2010-01-01,0,5.0,en,The High Level Bridge,"[{'iso_639_1': 'en', 'name': 'English'}]",6.5,2,[],,[]
285,28562,tt1194424,Denizen,0,2010-01-01,0,83.0,en,Denizen,"[{'iso_639_1': 'en', 'name': 'English'}]",2.0,1,"[{'id': 28, 'name': 'Action'}, {'id': 12, 'name': 'Adventure'}, {'id': 35, 'name': 'Comedy'}, {'id': 27, 'name': 'Horror'}]",,"[{'id': 5058, 'logo_path': None, 'name': 'Warrior Entertainment', 'origin_country': ''}, {'id': 76621, 'logo_path': None, 'name': 'Tunis Productions', 'origin_country': ''}]"
286,518958,tt1725841,Timeless: The Composer/Arranger Series (Arthur Verocai),0,2010-01-01,0,73.0,en,Timeless: The Composer/Arranger Series (Arthur Verocai),"[{'iso_639_1': 'en', 'name': 'English'}]",5.0,3,"[{'id': 99, 'name': 'Documentary'}]",/m4ucG0JOQJw6yRjOSYu8Wq93Rf6.jpg,"[{'id': 103495, 'logo_path': None, 'name': 'Mochilla', 'origin_country': ''}]"
287,528768,tt1825915,Paranormal Saw,0,2010-01-01,0,3.0,en,Paranormal Saw,"[{'iso_639_1': 'en', 'name': 'English'}]",1.0,1,"[{'id': 35, 'name': 'Comedy'}, {'id': 27, 'name': 'Horror'}]",,[]
288,423528,tt1603482,Mirrors Facing Mirrors,0,2010-01-01,0,7.0,en,Mirrors Facing Mirrors,[],1.0,1,[],,[]
289,69270,tt1152827,Super Hybrid,13000000,2010-01-01,0,95.0,en,Super Hybrid,"[{'iso_639_1': 'en', 'name': 'English'}]",5.0,42,"[{'id': 27, 'name': 'Horror'}]",/iK3RR1bNWN99jt3EwEAqYanw6Br.jpg,"[{'id': 21600, 'logo_path': None, 'name': 'Stallion Media', 'origin_country': ''}, {'id': 21601, 'logo_path': None, 'name': 'Studio 407', 'origin_country': ''}, {'id': 5663, 'logo_path': None, 'name': 'TADORA Filmproduktions', 'origin_country': ''}]"
290,234165,tt1220625,Cupid's Arrow,0,2010-01-01,0,86.0,en,BOOM! Das Sexperiment,"[{'iso_639_1': 'en', 'name': 'English'}]",6.8,2,"[{'id': 35, 'name': 'Comedy'}, {'id': 18, 'name': 'Drama'}]",/8OHeyFabgELR1QwvuPvaqE3xV9n.jpg,"[{'id': 81262, 'logo_path': None, 'name': 'Sequoia Green', 'origin_country': ''}]"
291,138564,tt1805315,Mac and Plak,0,2010-01-01,0,27.0,en,Mac and Plak,"[{'iso_639_1': 'en', 'name': 'English'}]",7.0,3,"[{'id': 18, 'name': 'Drama'}]",,[]
292,295918,,Megafactories: Jack Danniels,0,2010-01-01,0,0.0,en,Megafactories: Jack Danniels,[],5.3,2,"[{'id': 99, 'name': 'Documentary'}]",,[]
293,274271,tt1541943,To Catch a Dollar: Muhammad Yunus Banks on America,0,2010-01-01,0,0.0,en,To Catch a Dollar: Muhammad Yunus Banks on America,[],1.0,1,[],,[]
294,141750,tt1634833,Overdose: The Next Financial Crisis,0,2010-01-01,0,47.0,en,Overdose: The Next Financial Crisis,[],7.2,5,"[{'id': 99, 'name': 'Documentary'}]",/uGemTCNffBKCxhEF7AJ6bzvZuNE.jpg,[]
295,117709,tt1740739,Gaysharktank.com,0,2010-01-01,0,14.0,en,Gaysharktank.com,"[{'iso_639_1': 'en', 'name': 'English'}]",7.0,1,"[{'id': 35, 'name': 'Comedy'}]",,[]
296,455029,,Mater Suspiria Vision - ON TV III,0,2010-01-01,0,62.0,en,Mater Suspiria Vision ON TV III,[],5.0,1,[],/7hxNuiSr8T5A1GD0Br7CrISAQcE.jpg,[]
297,211240,tt1598691,* Cemetery,0,2010-01-01,0,79.0,en,* Cemetery,"[{'iso_639_1': 'en', 'name': 'English'}]",5.5,2,"[{'id': 35, 'name': 'Comedy'}, {'id': 27, 'name': 'Horror'}, {'id': 53, 'name': 'Thriller'}]",,"[{'id': 15898, 'logo_path': None, 'name': 'Diesel Independent Studios', 'origin_country': ''}]"
298,336387,tt1592784,Release,0,2010-01-01,0,13.0,en,Release,[],6.8,5,"[{'id': 99, 'name': 'Documentary'}]",,[]
299,115447,tt1699223,Hell Is Full,50000,2010-01-01,0,97.0,en,Hell Is Full,"[{'iso_639_1': 'en', 'name': 'English'}]",2.5,2,"[{'id': 27, 'name': 'Horror'}]",,"[{'id': 39174, 'logo_path': None, 'name': 'Big Biting Pig Productions', 'origin_country': ''}]"
